time,price,bid,ask,volume
2018-01-08 09:44:15.516000,5.32,5.32,5.33,914700.0
2018-01-08 09:44:19.256000,5.32,5.32,5.33,914700.0
2018-01-08 09:44:23.411000,5.32,5.32,5.33,914700.0
2018-01-08 09:44:27.616000,5.32,5.32,5.33,914700.0
2018-01-08 09:44:30.975000,5.32,5.32,5.33,914700.0
2018-01-08 09:44:34.599000,5.32,5.32,5.33,914700.0
2018-01-08 09:44:38.515000,5.32,5.32,5.33,914700.0
2018-01-08 09:44:41.778000,5.32,5.32,5.33,914700.0
2018-01-08 09:44:45.490000,5.32,5.32,5.33,914700.0
2018-01-08 09:44:49.178000,5.32,5.32,5.33,914700.0
2018-01-08 09:44:53.680000,5.32,5.32,5.33,914700.0
2018-01-08 09:44:57.828000,5.32,5.32,5.33,914700.0
2018-01-08 09:45:01.311000,5.32,5.32,5.33,914700.0
2018-01-08 09:45:05.680000,5.32,5.32,5.33,914700.0
2018-01-08 09:45:10.670000,5.32,5.31,5.33,934700.0
2018-01-08 09:45:14.327000,5.32,5.31,5.33,934700.0
2018-01-08 09:45:17.677000,5.32,5.31,5.33,934700.0
2018-01-08 09:45:22.476000,5.32,5.31,5.33,934700.0
2018-01-08 09:45:26.768000,5.32,5.31,5.33,934700.0
2018-01-08 09:45:29.944000,5.32,5.31,5.33,934700.0
2018-01-08 09:45:33.476000,5.32,5.31,5.33,934700.0
2018-01-08 09:45:37.185000,5.32,5.31,5.33,934700.0
2018-01-08 09:45:41.089000,5.32,5.31,5.33,934700.0
2018-01-08 09:45:44.983000,5.32,5.31,5.33,934700.0
2018-01-08 09:45:48.928000,5.32,5.31,5.33,934700.0
2018-01-08 09:45:52.861000,5.32,5.31,5.33,934700.0
2018-01-08 09:45:56.815000,5.32,5.31,5.33,954700.0
2018-01-08 09:45:59.995000,5.32,5.31,5.33,954700.0
2018-01-08 09:46:07.752000,5.32,5.31,5.33,954700.0
2018-01-08 09:46:13.058000,5.32,5.31,5.33,954700.0
2018-01-08 09:46:16.420000,5.32,5.31,5.33,954700.0
2018-01-08 09:46:22.150000,5.32,5.31,5.33,954700.0
2018-01-08 09:46:25.595000,5.32,5.31,5.33,954700.0
2018-01-08 09:46:29.975000,5.32,5.31,5.33,954700.0
2018-01-08 09:46:33.632000,5.32,5.31,5.33,954700.0
2018-01-08 09:46:37.392000,5.32,5.31,5.33,954700.0
2018-01-08 09:46:41.282000,5.32,5.31,5.33,954700.0
2018-01-08 09:46:45.149000,5.32,5.31,5.33,954700.0
2018-01-08 09:46:49.408000,5.32,5.31,5.33,954700.0
2018-01-08 09:46:52.886000,5.32,5.31,5.33,954700.0
2018-01-08 09:46:56.733000,5.32,5.31,5.33,954700.0
2018-01-08 09:46:59.759000,5.32,5.31,5.33,954700.0
2018-01-08 09:47:03.869000,5.32,5.31,5.33,954700.0
2018-01-08 09:47:07.662000,5.32,5.31,5.33,954700.0
2018-01-08 09:47:11.865000,5.32,5.31,5.33,954700.0
2018-01-08 09:47:18.097000,5.32,5.31,5.33,954700.0
2018-01-08 09:47:22.962000,5.32,5.31,5.33,954700.0
2018-01-08 09:47:26.736000,5.32,5.31,5.33,954700.0
2018-01-08 09:47:30.265000,5.32,5.31,5.33,954700.0
2018-01-08 09:47:34.148000,5.32,5.31,5.33,954700.0
2018-01-08 09:47:38.262000,5.32,5.31,5.33,954700.0
2018-01-08 09:47:42.354000,5.32,5.31,5.33,954700.0
2018-01-08 09:47:46.107000,5.32,5.31,5.33,954700.0
2018-01-08 09:47:50.272000,5.32,5.31,5.33,954700.0
2018-01-08 09:47:53.679000,5.32,5.31,5.33,954700.0
2018-01-08 09:47:57.481000,5.32,5.31,5.33,954700.0
2018-01-08 09:48:00.761000,5.32,5.31,5.33,954700.0
2018-01-08 09:48:04.267000,5.32,5.31,5.33,954700.0
2018-01-08 09:48:08.461000,5.32,5.31,5.33,954700.0
2018-01-08 09:48:14.274000,5.32,5.31,5.33,954700.0
2018-01-08 09:48:18.479000,5.32,5.31,5.33,954700.0
2018-01-08 09:48:22.751000,5.32,5.31,5.33,954700.0
2018-01-08 09:48:26.116000,5.32,5.31,5.33,954700.0
2018-01-08 09:48:29.832000,5.32,5.31,5.33,954700.0
2018-01-08 09:48:33.624000,5.32,5.31,5.33,954700.0
2018-01-08 09:48:36.941000,5.32,5.31,5.33,954700.0
2018-01-08 09:48:40.950000,5.32,5.31,5.33,954700.0
2018-01-08 09:48:44.589000,5.32,5.31,5.33,954700.0
2018-01-08 09:48:47.746000,5.32,5.31,5.33,954700.0
2018-01-08 09:48:51.732000,5.32,5.31,5.33,954700.0
2018-01-08 09:48:55.498000,5.32,5.31,5.33,954700.0
2018-01-08 09:48:58.901000,5.32,5.31,5.33,954700.0
2018-01-08 09:49:02.554000,5.32,5.31,5.33,954700.0
2018-01-08 09:49:06.264000,5.32,5.31,5.33,954700.0
2018-01-08 09:49:10.277000,5.33,5.32,5.33,976300.0
2018-01-08 09:49:13.777000,5.33,5.32,5.33,976300.0
2018-01-08 09:49:17.730000,5.33,5.32,5.33,976300.0
2018-01-08 09:49:22.057000,5.33,5.33,5.34,1016300.0
2018-01-08 09:49:25.962000,5.33,5.33,5.34,1016300.0
2018-01-08 09:49:29.463000,5.33,5.33,5.34,1016300.0
2018-01-08 09:49:33.305000,5.33,5.33,5.34,1016300.0
2018-01-08 09:49:36.950000,5.33,5.33,5.34,1016300.0
2018-01-08 09:49:41.177000,5.33,5.33,5.34,1016300.0
2018-01-08 09:49:45.206000,5.33,5.33,5.34,1016300.0
2018-01-08 09:49:48.855000,5.33,5.33,5.34,1016300.0
2018-01-08 09:49:52.624000,5.33,5.33,5.34,1016300.0
2018-01-08 09:49:56.312000,5.33,5.33,5.34,1016300.0
2018-01-08 09:50:00.221000,5.33,5.33,5.34,1016300.0
2018-01-08 09:50:03.354000,5.33,5.33,5.34,1016300.0
2018-01-08 09:50:07.145000,5.33,5.33,5.34,1016300.0
2018-01-08 09:50:10.925000,5.33,5.33,5.34,1016300.0
2018-01-08 09:50:14.914000,5.33,5.33,5.34,1016300.0
2018-01-08 09:50:19.246000,5.33,5.33,5.34,1016300.0
2018-01-08 09:50:23.083000,5.33,5.33,5.34,1016300.0
2018-01-08 09:50:27.094000,5.33,5.33,5.34,1038300.0
2018-01-08 09:50:31.108000,5.33,5.33,5.34,1038300.0
2018-01-08 09:50:34.991000,5.33,5.33,5.34,1038300.0
2018-01-08 09:50:38.855000,5.33,5.33,5.34,1038300.0
2018-01-08 09:50:42.141000,5.33,5.33,5.34,1038300.0
2018-01-08 09:50:46.026000,5.33,5.33,5.34,1038300.0
2018-01-08 09:50:49.695000,5.33,5.33,5.34,1038300.0
2018-01-08 09:50:53.594000,5.33,5.33,5.34,1038300.0
2018-01-08 09:50:57.661000,5.33,5.33,5.34,1038300.0
2018-01-08 09:51:01.507000,5.33,5.33,5.34,1038300.0
2018-01-08 09:51:05.829000,5.33,5.33,5.34,1038300.0
2018-01-08 09:51:09.460000,5.33,5.33,5.34,1038300.0
2018-01-08 09:51:13.390000,5.33,5.33,5.34,1038300.0
2018-01-08 09:51:19.324000,5.33,5.33,5.34,1038300.0
2018-01-08 09:51:23.397000,5.33,5.33,5.34,1038300.0
2018-01-08 09:51:26.683000,5.33,5.33,5.34,1038300.0
2018-01-08 09:51:30.392000,5.33,5.33,5.34,1038300.0
2018-01-08 09:51:33.874000,5.33,5.33,5.34,1038300.0
2018-01-08 09:51:37.878000,5.33,5.33,5.34,1038300.0
2018-01-08 09:51:41.368000,5.33,5.33,5.34,1038300.0
2018-01-08 09:51:45.284000,5.33,5.33,5.34,1038300.0
2018-01-08 09:51:48.825000,5.33,5.33,5.34,1038300.0
2018-01-08 09:51:52.258000,5.33,5.33,5.34,1038300.0
2018-01-08 09:51:56.109000,5.33,5.33,5.34,1038300.0
2018-01-08 09:51:59.666000,5.34,5.33,5.34,1158300.0
2018-01-08 09:52:03.684000,5.34,5.33,5.34,1158300.0
2018-01-08 09:52:07.557000,5.34,5.33,5.34,1158300.0
2018-01-08 09:52:11.381000,5.34,5.33,5.34,1158300.0
2018-01-08 09:52:17.544000,5.34,5.33,5.34,1158300.0
2018-01-08 09:52:21.206000,5.34,5.33,5.34,1158300.0
2018-01-08 09:52:25.312000,5.34,5.33,5.34,1158300.0
2018-01-08 09:52:29.249000,5.34,5.33,5.34,1158300.0
2018-01-08 09:52:33.269000,5.34,5.33,5.34,1158300.0
2018-01-08 09:52:37.503000,5.34,5.33,5.34,1158300.0
2018-01-08 09:52:41.732000,5.34,5.33,5.34,1158300.0
2018-01-08 09:52:46.336000,5.34,5.33,5.34,1158300.0
2018-01-08 09:52:50.291000,5.34,5.33,5.34,1158300.0
2018-01-08 09:52:54.597000,5.34,5.33,5.34,1158300.0
2018-01-08 09:52:58.662000,5.34,5.33,5.34,1158300.0
2018-01-08 09:53:01.737000,5.34,5.33,5.34,1158300.0
2018-01-08 09:53:04.995000,5.34,5.33,5.34,1158300.0
2018-01-08 09:53:11.792000,5.34,5.33,5.34,1158300.0
2018-01-08 09:53:16.630000,5.34,5.33,5.34,1158300.0
2018-01-08 09:53:20.667000,5.34,5.33,5.34,1158300.0
2018-01-08 09:53:24.845000,5.34,5.33,5.34,1158300.0
2018-01-08 09:53:28.930000,5.34,5.33,5.34,1158300.0
2018-01-08 09:53:32.371000,5.34,5.33,5.34,1158300.0
2018-01-08 09:53:36.362000,5.34,5.33,5.34,1158300.0
2018-01-08 09:53:40.163000,5.34,5.33,5.34,1158300.0
2018-01-08 09:53:44.127000,5.34,5.33,5.34,1158300.0
2018-01-08 09:53:48.249000,5.34,5.33,5.34,1158300.0
2018-01-08 09:53:51.934000,5.34,5.33,5.34,1158300.0
2018-01-08 09:53:55.445000,5.34,5.33,5.34,1158300.0
2018-01-08 09:53:59.613000,5.34,5.33,5.34,1158300.0
2018-01-08 09:54:03.389000,5.34,5.33,5.34,1158300.0
2018-01-08 09:54:07.418000,5.34,5.33,5.34,1158300.0
2018-01-08 09:54:13.809000,5.34,5.33,5.34,1158300.0
2018-01-08 09:54:20.232000,5.34,5.33,5.34,1158300.0
2018-01-08 09:54:24.159000,5.34,5.33,5.34,1158300.0
2018-01-08 09:54:28.186000,5.34,5.33,5.34,1158300.0
2018-01-08 09:54:31.872000,5.34,5.33,5.34,1158300.0
2018-01-08 09:54:36.918000,5.34,5.33,5.34,1158300.0
2018-01-08 09:54:40.874000,5.34,5.33,5.34,1158300.0
2018-01-08 09:54:44.270000,5.34,5.33,5.34,1158300.0
2018-01-08 09:54:48.436000,5.34,5.33,5.34,1158300.0
2018-01-08 09:54:52.644000,5.34,5.33,5.34,1158300.0
2018-01-08 09:54:56.596000,5.34,5.33,5.34,1158300.0
2018-01-08 09:55:00.490000,5.34,5.33,5.34,1158300.0
2018-01-08 09:55:04.695000,5.34,5.33,5.34,1158300.0
2018-01-08 09:55:09.910000,5.34,5.33,5.34,1158300.0
2018-01-08 09:55:13.855000,5.34,5.33,5.34,1158300.0
2018-01-08 09:55:17.646000,5.34,5.33,5.34,1158300.0
2018-01-08 09:55:22.228000,5.34,5.33,5.34,1158300.0
2018-01-08 09:55:25.907000,5.34,5.33,5.34,1158300.0
2018-01-08 09:55:29.809000,5.34,5.33,5.34,1158300.0
2018-01-08 09:55:33.111000,5.34,5.33,5.34,1158300.0
2018-01-08 09:55:36.459000,5.34,5.33,5.34,1158300.0
2018-01-08 09:55:40.571000,5.34,5.33,5.34,1158300.0
2018-01-08 09:55:44.116000,5.34,5.33,5.34,1158300.0
2018-01-08 09:55:47.984000,5.34,5.33,5.34,1158300.0
2018-01-08 09:55:51.700000,5.34,5.33,5.34,1158300.0
2018-01-08 09:55:55.314000,5.34,5.33,5.34,1158300.0
2018-01-08 09:56:01.083000,5.34,5.33,5.34,1158300.0
2018-01-08 09:56:09.120000,5.34,5.33,5.34,1158300.0
2018-01-08 09:56:14.097000,5.34,5.33,5.34,1158300.0
2018-01-08 09:56:18.677000,5.34,5.33,5.34,1158300.0
2018-01-08 09:56:24.136000,5.34,5.33,5.34,1158300.0
2018-01-08 09:56:29.559000,5.34,5.33,5.34,1158300.0
2018-01-08 09:56:34.712000,5.34,5.33,5.34,1158300.0
2018-01-08 09:56:39.315000,5.34,5.33,5.34,1158300.0
2018-01-08 09:56:43.752000,5.34,5.33,5.34,1158300.0
2018-01-08 09:56:48.189000,5.33,5.32,5.33,1226300.0
2018-01-08 09:56:52.904000,5.33,5.32,5.33,1226300.0
2018-01-08 09:56:57.770000,5.33,5.32,5.33,1226300.0
2018-01-08 09:57:02.940000,5.33,5.32,5.33,1226300.0
2018-01-08 09:57:07.955000,5.33,5.32,5.33,1226300.0
2018-01-08 09:57:15.181000,5.33,5.32,5.33,1226300.0
2018-01-08 09:57:21.040000,5.33,5.32,5.33,1226300.0
2018-01-08 09:57:25.569000,5.33,5.32,5.33,1226300.0
2018-01-08 09:57:30.460000,5.33,5.32,5.33,1226300.0
2018-01-08 09:57:35.645000,5.33,5.32,5.33,1226300.0
2018-01-08 09:57:40.821000,5.33,5.32,5.33,1226300.0
2018-01-08 09:57:47.361000,5.33,5.32,5.33,1226300.0
2018-01-08 09:57:52.096000,5.33,5.32,5.33,1226300.0
2018-01-08 09:57:57.445000,5.33,5.32,5.33,1226300.0
2018-01-08 09:58:02.575000,5.33,5.32,5.33,1226300.0
2018-01-08 09:58:07.772000,5.33,5.32,5.33,1226300.0
2018-01-08 09:58:13.128000,5.33,5.32,5.33,1226300.0
2018-01-08 09:58:18.028000,5.33,5.32,5.33,1226300.0
2018-01-08 09:58:23.755000,5.33,5.32,5.33,1226300.0
2018-01-08 09:58:29.348000,5.33,5.32,5.33,1226300.0
2018-01-08 09:58:33.784000,5.33,5.32,5.33,1226300.0
2018-01-08 09:58:39.136000,5.33,5.32,5.33,1226300.0
2018-01-08 09:58:44.146000,5.33,5.32,5.33,1226300.0
2018-01-08 09:58:49.331000,5.33,5.32,5.33,1226300.0
2018-01-08 09:58:54.683000,5.33,5.32,5.33,1226300.0
2018-01-08 09:59:00.196000,5.33,5.32,5.33,1226300.0
2018-01-08 09:59:06.166000,5.33,5.32,5.33,1226300.0
2018-01-08 09:59:13.994000,5.33,5.32,5.33,1258300.0
2018-01-08 09:59:20.834000,5.33,5.32,5.33,1258300.0
2018-01-08 09:59:26.267000,5.33,5.32,5.33,1258300.0
2018-01-08 09:59:30.059000,5.33,5.32,5.33,1258300.0
2018-01-08 09:59:35.181000,5.33,5.32,5.33,1258300.0
2018-01-08 09:59:39.062000,5.33,5.32,5.33,1258300.0
2018-01-08 09:59:42.901000,5.33,5.32,5.33,1258300.0
2018-01-08 09:59:46.972000,5.33,5.32,5.33,1258300.0
2018-01-08 09:59:51.122000,5.33,5.32,5.33,1258300.0
2018-01-08 09:59:54.542000,5.33,5.32,5.33,1258300.0
2018-01-08 09:59:58.463000,5.33,5.32,5.33,1258300.0
2018-01-08 10:00:05.199000,5.33,5.32,5.34,1279600.0
2018-01-08 10:00:08.621000,5.33,5.32,5.34,1279600.0
2018-01-08 10:00:13.409000,5.33,5.32,5.34,1279600.0
2018-01-08 10:00:17.264000,5.33,5.32,5.34,1279600.0
2018-01-08 10:00:21.484000,5.33,5.32,5.34,1279600.0
2018-01-08 10:00:24.870000,5.33,5.32,5.34,1279600.0
2018-01-08 10:00:28.650000,5.33,5.32,5.34,1279600.0
2018-01-08 10:00:31.982000,5.33,5.32,5.34,1279600.0
2018-01-08 10:00:35.442000,5.33,5.32,5.34,1279600.0
2018-01-08 10:00:39.363000,5.33,5.32,5.34,1279600.0
2018-01-08 10:00:43.082000,5.33,5.32,5.34,1279600.0
2018-01-08 10:00:47.453000,5.33,5.32,5.34,1279600.0
2018-01-08 10:00:52.210000,5.33,5.32,5.34,1279600.0
2018-01-08 10:00:57.341000,5.33,5.32,5.34,1279600.0
2018-01-08 10:01:02.048000,5.33,5.32,5.33,1279600.0
2018-01-08 10:01:09.534000,5.33,5.32,5.33,1279600.0
2018-01-08 10:01:15.471000,5.33,5.32,5.33,1279600.0
2018-01-08 10:01:20.090000,5.33,5.32,5.33,1279600.0
2018-01-08 10:01:24.106000,5.33,5.32,5.33,1279600.0
2018-01-08 10:01:29.623000,5.33,5.32,5.33,1279600.0
2018-01-08 10:01:34.639000,5.33,5.32,5.33,1279600.0
2018-01-08 10:01:39.584000,5.33,5.32,5.33,1279600.0
2018-01-08 10:01:44.749000,5.33,5.32,5.33,1279600.0
2018-01-08 10:01:50.186000,5.33,5.32,5.33,1279600.0
2018-01-08 10:01:55.481000,5.33,5.32,5.33,1279600.0
2018-01-08 10:02:00.468000,5.33,5.32,5.33,1279600.0
2018-01-08 10:02:06.141000,5.33,5.32,5.33,1279600.0
2018-01-08 10:02:11.181000,5.33,5.32,5.33,1279600.0
2018-01-08 10:02:16.573000,5.33,5.32,5.33,1279600.0
2018-01-08 10:02:22.807000,5.33,5.32,5.33,1279600.0
2018-01-08 10:02:27.269000,5.33,5.32,5.33,1279600.0
2018-01-08 10:02:31.578000,5.33,5.32,5.33,1279600.0
2018-01-08 10:02:36.894000,5.33,5.32,5.33,1279600.0
2018-01-08 10:02:41.863000,5.33,5.32,5.33,1279600.0
2018-01-08 10:02:46.317000,5.33,5.32,5.33,1279600.0
2018-01-08 10:02:51.748000,5.33,5.32,5.33,1279600.0
2018-01-08 10:02:57.840000,5.34,5.33,5.34,1282600.0
2018-01-08 10:03:03.231000,5.34,5.33,5.34,1282600.0
2018-01-08 10:03:08.379000,5.34,5.33,5.34,1282600.0
2018-01-08 10:03:13.264000,5.34,5.33,5.34,1282600.0
2018-01-08 10:03:19.783000,5.34,5.33,5.34,1282600.0
2018-01-08 10:03:24.784000,5.34,5.33,5.34,1282600.0
2018-01-08 10:03:29.939000,5.34,5.33,5.34,1282600.0
2018-01-08 10:03:34.970000,5.34,5.33,5.34,1282600.0
2018-01-08 10:03:39.860000,5.34,5.33,5.34,1282600.0
2018-01-08 10:03:44.940000,5.34,5.33,5.34,1282600.0
2018-01-08 10:03:50.974000,5.34,5.33,5.34,1282600.0
2018-01-08 10:03:56.184000,5.34,5.33,5.34,1282600.0
2018-01-08 10:04:01.427000,5.34,5.33,5.34,1282600.0
2018-01-08 10:04:07.413000,5.34,5.33,5.34,1282600.0
2018-01-08 10:04:11.880000,5.34,5.33,5.34,1282600.0
2018-01-08 10:04:16.191000,5.34,5.33,5.34,1282600.0
2018-01-08 10:04:19.134000,5.34,5.33,5.34,1282600.0
2018-01-08 10:04:22.946000,5.34,5.33,5.34,1282600.0
2018-01-08 10:04:27.308000,5.34,5.33,5.34,1282600.0
2018-01-08 10:04:30.750000,5.34,5.33,5.34,1282600.0
2018-01-08 10:04:34.535000,5.34,5.33,5.34,1282600.0
2018-01-08 10:04:41.315000,5.34,5.33,5.34,1282600.0
2018-01-08 10:04:46.179000,5.34,5.33,5.34,1282600.0
2018-01-08 10:04:50.585000,5.34,5.33,5.34,1282600.0
2018-01-08 10:04:55.347000,5.34,5.33,5.34,1282600.0
2018-01-08 10:05:00.762000,5.34,5.33,5.34,1282600.0
2018-01-08 10:05:05.018000,5.34,5.33,5.34,1282600.0
2018-01-08 10:05:09.988000,5.34,5.33,5.34,1282600.0
2018-01-08 10:05:14.677000,5.34,5.33,5.34,1282600.0
2018-01-08 10:05:20.145000,5.34,5.33,5.34,1282600.0
2018-01-08 10:05:24.989000,5.34,5.33,5.34,1282600.0
2018-01-08 10:05:30.526000,5.34,5.33,5.34,1282600.0
2018-01-08 10:05:35.677000,5.34,5.33,5.34,1282600.0
2018-01-08 10:05:41.031000,5.34,5.33,5.34,1282600.0
2018-01-08 10:05:46.355000,5.34,5.33,5.34,1282600.0
2018-01-08 10:05:51.318000,5.34,5.33,5.34,1282600.0
2018-01-08 10:05:56.135000,5.34,5.33,5.34,1282600.0
2018-01-08 10:06:01.292000,5.34,5.33,5.34,1282600.0
2018-01-08 10:06:06.446000,5.34,5.33,5.34,1282600.0
2018-01-08 10:06:11.932000,5.34,5.33,5.34,1282600.0
2018-01-08 10:06:19.132000,5.34,5.33,5.34,1282600.0
2018-01-08 10:06:25.224000,5.34,5.33,5.34,1282600.0
2018-01-08 10:06:30.494000,5.34,5.33,5.34,1282600.0
2018-01-08 10:06:35.568000,5.34,5.33,5.34,1282600.0
2018-01-08 10:06:40.743000,5.34,5.33,5.34,1282600.0
2018-01-08 10:06:45.481000,5.34,5.33,5.34,1282600.0
2018-01-08 10:06:51.223000,5.34,5.33,5.34,1282600.0
2018-01-08 10:06:56.531000,5.34,5.33,5.34,1282600.0
2018-01-08 10:07:02.284000,5.34,5.33,5.34,1282600.0
2018-01-08 10:07:06.904000,5.34,5.33,5.34,1282600.0
2018-01-08 10:07:12.737000,5.34,5.33,5.34,1282600.0
2018-01-08 10:07:17.253000,5.34,5.33,5.34,1282600.0
2018-01-08 10:07:21.787000,5.34,5.33,5.34,1282600.0
2018-01-08 10:07:26.953000,5.34,5.33,5.34,1282600.0
2018-01-08 10:07:32.050000,5.34,5.33,5.34,1282600.0
2018-01-08 10:07:36.401000,5.34,5.33,5.34,1282600.0
2018-01-08 10:07:41.312000,5.34,5.33,5.34,1282600.0
2018-01-08 10:07:48.968000,5.34,5.33,5.34,1282600.0
2018-01-08 10:07:54.377000,5.34,5.33,5.34,1282600.0
2018-01-08 10:07:59.260000,5.34,5.33,5.34,1282600.0
2018-01-08 10:08:04.994000,5.34,5.33,5.34,1282600.0
2018-01-08 10:08:12.523000,5.34,5.33,5.34,1282600.0
2018-01-08 10:08:17.375000,5.34,5.33,5.34,1282600.0
2018-01-08 10:08:21.133000,5.34,5.33,5.34,1282600.0
2018-01-08 10:08:24.824000,5.34,5.33,5.34,1282600.0
2018-01-08 10:08:30.075000,5.34,5.33,5.34,1282600.0
2018-01-08 10:08:35.026000,5.34,5.33,5.34,1282600.0
2018-01-08 10:08:40.349000,5.34,5.33,5.34,1282600.0
2018-01-08 10:08:45.742000,5.34,5.33,5.34,1282600.0
2018-01-08 10:08:50.949000,5.34,5.33,5.34,1282600.0
2018-01-08 10:08:55.939000,5.34,5.33,5.34,1282600.0
2018-01-08 10:09:01.169000,5.34,5.33,5.34,1282600.0
2018-01-08 10:09:07.012000,5.34,5.33,5.34,1282600.0
2018-01-08 10:09:12.108000,5.34,5.33,5.34,1282600.0
2018-01-08 10:09:17.938000,5.34,5.33,5.34,1282600.0
2018-01-08 10:09:23.437000,5.34,5.33,5.34,1282600.0
2018-01-08 10:09:28.364000,5.34,5.33,5.34,1283100.0
2018-01-08 10:09:34.066000,5.34,5.33,5.34,1283100.0
2018-01-08 10:09:38.848000,5.34,5.33,5.34,1283100.0
2018-01-08 10:09:43.997000,5.34,5.33,5.34,1283100.0
2018-01-08 10:09:48.987000,5.34,5.33,5.34,1283100.0
2018-01-08 10:09:53.934000,5.34,5.33,5.34,1283100.0
2018-01-08 10:09:59.401000,5.34,5.33,5.34,1283100.0
2018-01-08 10:10:04.852000,5.34,5.33,5.34,1283100.0
2018-01-08 10:10:10.107000,5.34,5.33,5.34,1283100.0
2018-01-08 10:10:15.588000,5.34,5.33,5.34,1283100.0
2018-01-08 10:10:22.483000,5.34,5.33,5.34,1283100.0
2018-01-08 10:10:27.984000,5.34,5.33,5.34,1283100.0
2018-01-08 10:10:33.640000,5.34,5.33,5.34,1283100.0
2018-01-08 10:10:39.106000,5.34,5.33,5.34,1283100.0
2018-01-08 10:10:43.834000,5.34,5.33,5.34,1283100.0
2018-01-08 10:10:49.099000,5.34,5.33,5.34,1283100.0
2018-01-08 10:10:55.545000,5.34,5.33,5.34,1283100.0
2018-01-08 10:11:01.270000,5.34,5.33,5.34,1283100.0
2018-01-08 10:11:06.732000,5.34,5.33,5.34,1283100.0
2018-01-08 10:11:12.766000,5.34,5.33,5.34,1283100.0
2018-01-08 10:11:19.205000,5.34,5.33,5.34,1283100.0
2018-01-08 10:11:26.043000,5.34,5.33,5.34,1283100.0
2018-01-08 10:11:31.911000,5.34,5.33,5.34,1283100.0
2018-01-08 10:11:37.592000,5.34,5.33,5.34,1283100.0
2018-01-08 10:11:41.852000,5.34,5.33,5.34,1283600.0
2018-01-08 10:11:45.732000,5.34,5.33,5.34,1283600.0
2018-01-08 10:11:49.507000,5.34,5.33,5.34,1283600.0
2018-01-08 10:11:53.454000,5.34,5.33,5.34,1283600.0
2018-01-08 10:11:57.187000,5.34,5.33,5.34,1283600.0
2018-01-08 10:12:00.592000,5.34,5.33,5.34,1283600.0
2018-01-08 10:12:03.767000,5.34,5.33,5.34,1283600.0
2018-01-08 10:12:09.457000,5.34,5.33,5.34,1283600.0
2018-01-08 10:12:13.282000,5.34,5.33,5.34,1283600.0
2018-01-08 10:12:17.452000,5.34,5.33,5.34,1283600.0
2018-01-08 10:12:21.281000,5.34,5.33,5.34,1283600.0
2018-01-08 10:12:24.902000,5.34,5.33,5.34,1283600.0
2018-01-08 10:12:28.954000,5.34,5.33,5.34,1283600.0
2018-01-08 10:12:33.097000,5.34,5.33,5.34,1283600.0
2018-01-08 10:12:37.111000,5.34,5.33,5.34,1283600.0
2018-01-08 10:12:40.984000,5.34,5.33,5.34,1283600.0
2018-01-08 10:12:45.018000,5.34,5.33,5.34,1283600.0
2018-01-08 10:12:47.949000,5.34,5.33,5.34,1283600.0
2018-01-08 10:12:51.950000,5.34,5.33,5.34,1283600.0
2018-01-08 10:12:55.309000,5.34,5.33,5.34,1283600.0
2018-01-08 10:12:58.849000,5.34,5.33,5.34,1283600.0
2018-01-08 10:13:01.948000,5.34,5.33,5.34,1283600.0
2018-01-08 10:13:05.688000,5.34,5.33,5.34,1283600.0
2018-01-08 10:13:09.677000,5.34,5.33,5.34,1283600.0
2018-01-08 10:13:14.642000,5.34,5.33,5.34,1283600.0
2018-01-08 10:13:31.970000,5.34,5.33,5.34,1283600.0
2018-01-08 10:13:35.367000,5.34,5.33,5.34,1283600.0
2018-01-08 10:13:39.655000,5.34,5.33,5.34,1283600.0
2018-01-08 10:13:43.431000,5.34,5.33,5.34,1285600.0
2018-01-08 10:13:46.818000,5.34,5.33,5.34,1285600.0
2018-01-08 10:13:50.760000,5.34,5.33,5.34,1285600.0
2018-01-08 10:13:54.740000,5.34,5.33,5.34,1285600.0
2018-01-08 10:13:57.957000,5.34,5.33,5.34,1285600.0
2018-01-08 10:14:01.346000,5.34,5.33,5.34,1285600.0
2018-01-08 10:14:05.358000,5.34,5.33,5.34,1285600.0
2018-01-08 10:14:08.957000,5.34,5.33,5.34,1285600.0
2018-01-08 10:14:13.675000,5.34,5.33,5.34,1285600.0
2018-01-08 10:14:17.504000,5.34,5.33,5.34,1285600.0
2018-01-08 10:14:20.608000,5.34,5.33,5.34,1285600.0
2018-01-08 10:14:24.270000,5.34,5.33,5.34,1285600.0
2018-01-08 10:14:28.038000,5.34,5.33,5.34,1285600.0
2018-01-08 10:14:31.976000,5.34,5.33,5.34,1285600.0
2018-01-08 10:14:35.700000,5.34,5.33,5.34,1285600.0
2018-01-08 10:14:39.366000,5.34,5.33,5.34,1285600.0
2018-01-08 10:14:43.435000,5.34,5.33,5.34,1285600.0
2018-01-08 10:14:47.059000,5.34,5.33,5.34,1285600.0
2018-01-08 10:14:51.242000,5.34,5.33,5.34,1285600.0
2018-01-08 10:14:54.025000,5.34,5.33,5.34,1285600.0
2018-01-08 10:14:58.083000,5.34,5.33,5.34,1285600.0
2018-01-08 10:15:01.758000,5.34,5.33,5.34,1285600.0
2018-01-08 10:15:05.272000,5.34,5.33,5.34,1285600.0
2018-01-08 10:15:12.516000,5.34,5.33,5.34,1285600.0
2018-01-08 10:15:16.285000,5.34,5.33,5.34,1285600.0
2018-01-08 10:15:19.547000,5.34,5.33,5.34,1285600.0
2018-01-08 10:15:22.998000,5.34,5.33,5.34,1285600.0
2018-01-08 10:15:26.916000,5.34,5.33,5.34,1285600.0
2018-01-08 10:15:31.143000,5.34,5.33,5.34,1285600.0
2018-01-08 10:15:35.013000,5.34,5.33,5.34,1285600.0
2018-01-08 10:15:38.831000,5.34,5.33,5.34,1285600.0
2018-01-08 10:15:42.583000,5.34,5.33,5.34,1285600.0
2018-01-08 10:15:46.550000,5.34,5.33,5.34,1285600.0
2018-01-08 10:15:50.264000,5.34,5.33,5.34,1285600.0
2018-01-08 10:15:54.344000,5.34,5.33,5.34,1285600.0
2018-01-08 10:16:18.866000,5.33,5.33,5.34,1336600.0
2018-01-08 10:16:22.770000,5.33,5.32,5.33,1336600.0
2018-01-08 10:16:26.544000,5.33,5.32,5.33,1336600.0
2018-01-08 10:16:29.941000,5.33,5.32,5.33,1336600.0
2018-01-08 10:16:32.963000,5.33,5.32,5.33,1336600.0
2018-01-08 10:16:38.066000,5.33,5.32,5.33,1336600.0
2018-01-08 10:16:43.023000,5.33,5.32,5.33,1336600.0
2018-01-08 10:16:48.224000,5.33,5.32,5.33,1336600.0
2018-01-08 10:16:53.378000,5.33,5.32,5.33,1336600.0
2018-01-08 10:16:58.446000,5.33,5.32,5.33,1336600.0
2018-01-08 10:17:04.102000,5.33,5.32,5.33,1336600.0
2018-01-08 10:17:13.599000,5.33,5.32,5.33,1336600.0
2018-01-08 10:17:19.175000,5.33,5.32,5.33,1336600.0
2018-01-08 10:17:24.531000,5.33,5.32,5.33,1336600.0
2018-01-08 10:17:29.662000,5.33,5.32,5.33,1336600.0
2018-01-08 10:17:34.916000,5.33,5.32,5.33,1336600.0
2018-01-08 10:17:39.861000,5.33,5.32,5.33,1336600.0
2018-01-08 10:17:44.948000,5.33,5.32,5.33,1336600.0
2018-01-08 10:17:49.485000,5.33,5.32,5.33,1336600.0
2018-01-08 10:17:53.645000,5.33,5.32,5.33,1336600.0
2018-01-08 10:17:58.155000,5.33,5.32,5.33,1336600.0
2018-01-08 10:18:03.252000,5.33,5.32,5.33,1336600.0
2018-01-08 10:18:08.423000,5.34,5.33,5.34,1337600.0
2018-01-08 10:18:15.779000,5.34,5.33,5.34,1337600.0
2018-01-08 10:18:20.914000,5.34,5.33,5.34,1337600.0
2018-01-08 10:18:25.202000,5.34,5.33,5.34,1337600.0
2018-01-08 10:18:30.056000,5.34,5.33,5.34,1337600.0
2018-01-08 10:18:35.835000,5.34,5.33,5.34,1337600.0
2018-01-08 10:18:40.094000,5.34,5.33,5.34,1337600.0
2018-01-08 10:18:44.588000,5.34,5.33,5.34,1337600.0
2018-01-08 10:18:49.391000,5.34,5.33,5.34,1337600.0
2018-01-08 10:18:54.323000,5.34,5.33,5.34,1337600.0
2018-01-08 10:18:59.500000,5.34,5.33,5.34,1337600.0
2018-01-08 10:19:06.538000,5.34,5.33,5.34,1337600.0
2018-01-08 10:19:13.662000,5.34,5.33,5.34,1337600.0
2018-01-08 10:19:18.012000,5.34,5.33,5.34,1337600.0
2018-01-08 10:19:22.544000,5.34,5.33,5.34,1337600.0
2018-01-08 10:19:27.707000,5.34,5.33,5.34,1337600.0
2018-01-08 10:19:33.399000,5.34,5.33,5.34,1337600.0
2018-01-08 10:19:38.170000,5.34,5.33,5.34,1337600.0
2018-01-08 10:19:43.125000,5.34,5.33,5.34,1337600.0
2018-01-08 10:19:47.095000,5.34,5.33,5.34,1337600.0
2018-01-08 10:19:50.436000,5.34,5.33,5.34,1337600.0
2018-01-08 10:19:54.284000,5.34,5.33,5.34,1337600.0
2018-01-08 10:19:57.745000,5.34,5.33,5.34,1337600.0
2018-01-08 10:20:02.037000,5.34,5.33,5.34,1337600.0
2018-01-08 10:20:06.557000,5.34,5.33,5.34,1337600.0
2018-01-08 10:20:10.653000,5.34,5.33,5.34,1337600.0
2018-01-08 10:20:16.030000,5.34,5.33,5.34,1337600.0
2018-01-08 10:20:20.803000,5.34,5.33,5.34,1337600.0
2018-01-08 10:20:24.702000,5.34,5.33,5.34,1337600.0
2018-01-08 10:20:28.681000,5.34,5.33,5.34,1337600.0
2018-01-08 10:20:32.076000,5.34,5.33,5.34,1337600.0
2018-01-08 10:20:35.497000,5.34,5.33,5.34,1337600.0
2018-01-08 10:20:39.771000,5.34,5.33,5.34,1337600.0
2018-01-08 10:20:43.314000,5.34,5.33,5.34,1337600.0
2018-01-08 10:20:46.314000,5.34,5.33,5.34,1337600.0
2018-01-08 10:20:50.062000,5.34,5.33,5.34,1337600.0
2018-01-08 10:20:53.921000,5.34,5.33,5.34,1337600.0
2018-01-08 10:20:58.023000,5.34,5.33,5.34,1337600.0
2018-01-08 10:21:02.030000,5.34,5.33,5.34,1337600.0
2018-01-08 10:21:05.902000,5.34,5.33,5.34,1337600.0
2018-01-08 10:21:09.838000,5.34,5.33,5.34,1337600.0
2018-01-08 10:21:13.489000,5.34,5.33,5.34,1337600.0
2018-01-08 10:21:17.178000,5.34,5.33,5.34,1337600.0
2018-01-08 10:21:21.040000,5.34,5.33,5.34,1337600.0
2018-01-08 10:21:24.235000,5.34,5.33,5.34,1337600.0
2018-01-08 10:21:27.677000,5.34,5.33,5.34,1337600.0
2018-01-08 10:21:31.346000,5.34,5.33,5.34,1337600.0
2018-01-08 10:21:34.698000,5.34,5.33,5.34,1337600.0
2018-01-08 10:21:38.873000,5.34,5.33,5.34,1337600.0
2018-01-08 10:21:42.689000,5.34,5.33,5.34,1337600.0
2018-01-08 10:21:46.452000,5.34,5.33,5.34,1337600.0
2018-01-08 10:21:50.536000,5.34,5.33,5.34,1337600.0
2018-01-08 10:21:53.996000,5.34,5.33,5.34,1337600.0
2018-01-08 10:21:57.935000,5.34,5.33,5.34,1337600.0
2018-01-08 10:22:01.609000,5.33,5.32,5.33,1337600.0
2018-01-08 10:22:05.449000,5.33,5.32,5.33,1337600.0
2018-01-08 10:22:12.675000,5.34,5.32,5.34,1337600.0
2018-01-08 10:22:18.906000,5.34,5.32,5.34,1337600.0
2018-01-08 10:22:22.707000,5.34,5.32,5.34,1337600.0
2018-01-08 10:22:26.670000,5.34,5.32,5.34,1337600.0
2018-01-08 10:22:30.617000,5.34,5.32,5.34,1337600.0
2018-01-08 10:22:34.378000,5.33,5.32,5.33,1337600.0
2018-01-08 10:22:38.266000,5.33,5.32,5.33,1337600.0
2018-01-08 10:22:41.688000,5.33,5.32,5.33,1337600.0
2018-01-08 10:22:45.541000,5.33,5.32,5.33,1337600.0
2018-01-08 10:22:49.091000,5.33,5.32,5.33,1337600.0
2018-01-08 10:22:52.797000,5.33,5.32,5.33,1337600.0
2018-01-08 10:22:56.480000,5.33,5.32,5.33,1337600.0
2018-01-08 10:23:00.655000,5.33,5.32,5.33,1337600.0
2018-01-08 10:23:04.661000,5.33,5.32,5.33,1337600.0
2018-01-08 10:23:08.095000,5.33,5.32,5.33,1337600.0
2018-01-08 10:23:12.862000,5.33,5.32,5.33,1337600.0
2018-01-08 10:23:15.881000,5.33,5.32,5.33,1337600.0
2018-01-08 10:23:20.288000,5.33,5.32,5.33,1337600.0
2018-01-08 10:23:23.368000,5.33,5.32,5.33,1337600.0
2018-01-08 10:23:26.953000,5.33,5.32,5.33,1337600.0
2018-01-08 10:23:31.029000,5.33,5.32,5.33,1337600.0
2018-01-08 10:23:34.224000,5.33,5.32,5.33,1337600.0
2018-01-08 10:23:37.829000,5.33,5.32,5.33,1337600.0
2018-01-08 10:23:41.307000,5.33,5.32,5.33,1337600.0
2018-01-08 10:23:45.198000,5.33,5.32,5.33,1337600.0
2018-01-08 10:23:49.080000,5.33,5.32,5.33,1337600.0
2018-01-08 10:23:52.513000,5.33,5.32,5.33,1337600.0
2018-01-08 10:23:56.445000,5.33,5.32,5.33,1337600.0
2018-01-08 10:23:59.318000,5.33,5.32,5.33,1337600.0
2018-01-08 10:24:06.567000,5.33,5.32,5.33,1337600.0
2018-01-08 10:24:13.849000,5.33,5.32,5.33,1337600.0
2018-01-08 10:24:17.281000,5.33,5.32,5.33,1337600.0
2018-01-08 10:24:20.977000,5.33,5.32,5.33,1337600.0
2018-01-08 10:24:24.713000,5.33,5.32,5.33,1337600.0
2018-01-08 10:24:27.914000,5.33,5.32,5.33,1337600.0
2018-01-08 10:24:31.542000,5.33,5.32,5.33,1337600.0
2018-01-08 10:24:35.497000,5.33,5.32,5.33,1337600.0
2018-01-08 10:24:38.783000,5.33,5.32,5.33,1337600.0
2018-01-08 10:24:43.055000,5.33,5.32,5.33,1337600.0
2018-01-08 10:24:46.831000,5.33,5.32,5.33,1337600.0
2018-01-08 10:24:51.268000,5.33,5.32,5.33,1337600.0
2018-01-08 10:24:56.460000,5.33,5.32,5.33,1337600.0
2018-01-08 10:25:01.628000,5.33,5.32,5.33,1337600.0
2018-01-08 10:25:08.080000,5.33,5.32,5.33,1337600.0
2018-01-08 10:25:13.192000,5.33,5.32,5.33,1337600.0
2018-01-08 10:25:18.322000,5.33,5.32,5.33,1337600.0
2018-01-08 10:25:24.116000,5.33,5.32,5.33,1357600.0
2018-01-08 10:25:28.847000,5.33,5.32,5.33,1357600.0
2018-01-08 10:25:33.992000,5.33,5.32,5.33,1357600.0
2018-01-08 10:25:38.851000,5.33,5.32,5.33,1357600.0
2018-01-08 10:25:43.870000,5.33,5.32,5.33,1357600.0
2018-01-08 10:25:49.072000,5.33,5.32,5.33,1357600.0
2018-01-08 10:25:54.024000,5.33,5.32,5.33,1357600.0
2018-01-08 10:25:59.210000,5.33,5.32,5.34,1357600.0
2018-01-08 10:26:04.098000,5.33,5.32,5.34,1357600.0
2018-01-08 10:26:08.520000,5.33,5.32,5.34,1357600.0
2018-01-08 10:26:13.212000,5.33,5.32,5.34,1357600.0
2018-01-08 10:26:21.061000,5.33,5.32,5.34,1357600.0
2018-01-08 10:26:26.118000,5.33,5.32,5.34,1357600.0
2018-01-08 10:26:31.674000,5.33,5.32,5.34,1357600.0
2018-01-08 10:26:36.867000,5.33,5.32,5.34,1357600.0
2018-01-08 10:26:41.406000,5.33,5.32,5.34,1357600.0
2018-01-08 10:26:46.518000,5.33,5.32,5.34,1357600.0
2018-01-08 10:26:51.975000,5.33,5.32,5.34,1357600.0
2018-01-08 10:26:56.199000,5.33,5.32,5.34,1357600.0
2018-01-08 10:27:01.480000,5.33,5.32,5.34,1357600.0
2018-01-08 10:27:06.403000,5.33,5.32,5.34,1357600.0
2018-01-08 10:27:10.774000,5.33,5.32,5.34,1357600.0
2018-01-08 10:27:19.157000,5.33,5.32,5.34,1357600.0
2018-01-08 10:27:24.525000,5.33,5.32,5.34,1357600.0
2018-01-08 10:27:29.490000,5.33,5.32,5.34,1357600.0
2018-01-08 10:27:33.868000,5.33,5.32,5.34,1357600.0
2018-01-08 10:27:39.146000,5.33,5.32,5.34,1357600.0
2018-01-08 10:27:45.213000,5.33,5.32,5.34,1357600.0
2018-01-08 10:27:49.815000,5.33,5.32,5.34,1357600.0
2018-01-08 10:27:54.451000,5.33,5.32,5.34,1357600.0
2018-01-08 10:27:59.656000,5.33,5.32,5.34,1357600.0
2018-01-08 10:28:03.282000,5.33,5.32,5.34,1357600.0
2018-01-08 10:28:09.070000,5.33,5.32,5.34,1357600.0
2018-01-08 10:28:15.716000,5.33,5.32,5.34,1357600.0
2018-01-08 10:28:20.975000,5.33,5.32,5.34,1357600.0
2018-01-08 10:28:26.488000,5.33,5.32,5.34,1357600.0
2018-01-08 10:28:31.491000,5.33,5.32,5.34,1357600.0
2018-01-08 10:28:36.287000,5.33,5.32,5.34,1357600.0
2018-01-08 10:28:40.873000,5.33,5.32,5.34,1357600.0
2018-01-08 10:28:45.685000,5.33,5.32,5.33,1357600.0
2018-01-08 10:28:51.028000,5.33,5.32,5.33,1357600.0
2018-01-08 10:28:55.864000,5.33,5.32,5.33,1357600.0
2018-01-08 10:29:01.009000,5.33,5.32,5.33,1357600.0
2018-01-08 10:29:07.793000,5.33,5.32,5.33,1357600.0
2018-01-08 10:29:13.242000,5.33,5.32,5.34,1357600.0
2018-01-08 10:29:19.169000,5.33,5.32,5.34,1357600.0
2018-01-08 10:29:23.658000,5.33,5.32,5.34,1357600.0
2018-01-08 10:29:28.542000,5.33,5.32,5.34,1357600.0
2018-01-08 10:29:32.746000,5.33,5.32,5.34,1357600.0
2018-01-08 10:29:37.245000,5.33,5.32,5.34,1357600.0
2018-01-08 10:29:42.527000,5.33,5.32,5.34,1357600.0
2018-01-08 10:29:47.323000,5.33,5.32,5.34,1357600.0
2018-01-08 10:29:51.529000,5.33,5.32,5.34,1357600.0
2018-01-08 10:29:56.162000,5.33,5.32,5.34,1357600.0
2018-01-08 10:30:01.056000,5.33,5.32,5.34,1357600.0
2018-01-08 10:30:08.666000,5.33,5.32,5.34,1357600.0
2018-01-08 10:30:14.385000,5.33,5.32,5.34,1357600.0
2018-01-08 10:30:20.634000,5.33,5.32,5.34,1357600.0
2018-01-08 10:30:25.506000,5.33,5.32,5.34,1357600.0
2018-01-08 10:30:31.044000,5.33,5.32,5.34,1357600.0
2018-01-08 10:30:37.308000,5.33,5.32,5.34,1357600.0
2018-01-08 10:30:42.308000,5.33,5.32,5.34,1357600.0
2018-01-08 10:30:47.639000,5.33,5.32,5.33,1357600.0
2018-01-08 10:30:53.378000,5.33,5.32,5.33,1357600.0
2018-01-08 10:30:58.296000,5.33,5.32,5.33,1357600.0
2018-01-08 10:31:03.017000,5.33,5.32,5.33,1357600.0
2018-01-08 10:31:08.412000,5.33,5.32,5.33,1357600.0
2018-01-08 10:31:14.987000,5.33,5.32,5.33,1357600.0
2018-01-08 10:31:20.421000,5.33,5.32,5.33,1357600.0
2018-01-08 10:31:24.422000,5.33,5.32,5.33,1357600.0
2018-01-08 10:31:29.936000,5.33,5.32,5.33,1357600.0
2018-01-08 10:31:34.589000,5.33,5.32,5.33,1357600.0
2018-01-08 10:31:38.633000,5.33,5.32,5.33,1357600.0
2018-01-08 10:31:42.102000,5.33,5.32,5.33,1357600.0
2018-01-08 10:31:46.123000,5.33,5.32,5.33,1357600.0
2018-01-08 10:31:49.696000,5.33,5.32,5.34,1357600.0
2018-01-08 10:31:53.422000,5.33,5.32,5.34,1357600.0
2018-01-08 10:31:58.501000,5.33,5.32,5.34,1357600.0
2018-01-08 10:32:02.996000,5.33,5.32,5.34,1357600.0
2018-01-08 10:32:07.606000,5.33,5.32,5.34,1357600.0
2018-01-08 10:32:13.844000,5.33,5.32,5.34,1357600.0
2018-01-08 10:32:22.216000,5.33,5.32,5.34,1357600.0
2018-01-08 10:32:27.858000,5.33,5.32,5.34,1357600.0
2018-01-08 10:32:32.379000,5.33,5.32,5.34,1357600.0
2018-01-08 10:32:37.992000,5.33,5.32,5.34,1357600.0
2018-01-08 10:32:42.749000,5.33,5.32,5.34,1357600.0
2018-01-08 10:32:47.186000,5.33,5.32,5.34,1357600.0
2018-01-08 10:32:50.810000,5.33,5.32,5.34,1357600.0
2018-01-08 10:32:55.051000,5.33,5.32,5.34,1357600.0
2018-01-08 10:32:58.648000,5.33,5.32,5.34,1357600.0
2018-01-08 10:33:01.899000,5.33,5.33,5.34,1357600.0
2018-01-08 10:33:06.048000,5.33,5.33,5.34,1357600.0
2018-01-08 10:33:09.939000,5.33,5.33,5.34,1357600.0
2018-01-08 10:33:13.536000,5.33,5.33,5.34,1357600.0
2018-01-08 10:33:18.877000,5.33,5.33,5.34,1357600.0
2018-01-08 10:33:22.796000,5.33,5.33,5.34,1357600.0
2018-01-08 10:33:26.821000,5.33,5.33,5.34,1357600.0
2018-01-08 10:33:30.879000,5.33,5.33,5.34,1357600.0
2018-01-08 10:33:34.616000,5.33,5.33,5.34,1357600.0
2018-01-08 10:33:38.016000,5.33,5.33,5.34,1357600.0
2018-01-08 10:33:41.412000,5.33,5.33,5.34,1357600.0
2018-01-08 10:33:45.113000,5.33,5.33,5.34,1357600.0
2018-01-08 10:33:48.784000,5.33,5.33,5.34,1357600.0
2018-01-08 10:33:52.860000,5.33,5.33,5.34,1357600.0
2018-01-08 10:33:56.757000,5.33,5.33,5.34,1357600.0
2018-01-08 10:34:00.171000,5.33,5.33,5.34,1357600.0
2018-01-08 10:34:04.065000,5.33,5.33,5.34,1357600.0
2018-01-08 10:34:07.093000,5.33,5.33,5.34,1357600.0
2018-01-08 10:34:12.404000,5.33,5.33,5.34,1357600.0
2018-01-08 10:34:17.924000,5.33,5.33,5.34,1357600.0
2018-01-08 10:34:21.897000,5.33,5.33,5.34,1357600.0
2018-01-08 10:34:25.076000,5.33,5.33,5.34,1357600.0
2018-01-08 10:34:28.960000,5.33,5.33,5.34,1357600.0
2018-01-08 10:34:32.400000,5.33,5.33,5.34,1357600.0
2018-01-08 10:34:36.390000,5.33,5.33,5.34,1357600.0
2018-01-08 10:34:39.965000,5.33,5.33,5.34,1357600.0
2018-01-08 10:34:43.621000,5.33,5.33,5.34,1357600.0
2018-01-08 10:34:46.566000,5.33,5.33,5.34,1357600.0
2018-01-08 10:34:49.996000,5.33,5.33,5.34,1357600.0
2018-01-08 10:34:53.699000,5.33,5.33,5.34,1357600.0
2018-01-08 10:34:58.452000,5.33,5.33,5.34,1357600.0
2018-01-08 10:35:02.221000,5.33,5.33,5.34,1357600.0
2018-01-08 10:35:05.426000,5.33,5.33,5.34,1357600.0
2018-01-08 10:35:12.380000,5.33,5.33,5.34,1357600.0
2018-01-08 10:35:16.922000,5.33,5.33,5.34,1357600.0
2018-01-08 10:35:20.813000,5.33,5.33,5.34,1357600.0
2018-01-08 10:35:24.595000,5.33,5.33,5.34,1357600.0
2018-01-08 10:35:28.083000,5.33,5.33,5.34,1357600.0
2018-01-08 10:35:31.694000,5.33,5.33,5.34,1357600.0
2018-01-08 10:35:35.668000,5.33,5.33,5.34,1357600.0
2018-01-08 10:35:39.592000,5.33,5.33,5.34,1357600.0
2018-01-08 10:35:42.677000,5.33,5.33,5.34,1357600.0
2018-01-08 10:35:46.678000,5.33,5.33,5.34,1357600.0
2018-01-08 10:35:50.632000,5.33,5.33,5.34,1357600.0
2018-01-08 10:35:54.059000,5.33,5.33,5.34,1357600.0
2018-01-08 10:35:57.585000,5.33,5.33,5.34,1357600.0
2018-01-08 10:36:00.927000,5.33,5.33,5.34,1357600.0
2018-01-08 10:36:04.994000,5.33,5.33,5.34,1357600.0
2018-01-08 10:36:08.933000,5.33,5.33,5.34,1357600.0
2018-01-08 10:36:15.543000,5.33,5.33,5.34,1357600.0
2018-01-08 10:36:20.269000,5.33,5.33,5.34,1357600.0
2018-01-08 10:36:24.680000,5.33,5.33,5.34,1357600.0
2018-01-08 10:36:27.865000,5.33,5.33,5.34,1357600.0
2018-01-08 10:36:31.360000,5.33,5.33,5.34,1357600.0
2018-01-08 10:36:34.992000,5.33,5.33,5.34,1357600.0
2018-01-08 10:36:38.433000,5.33,5.33,5.34,1357600.0
2018-01-08 10:36:42.154000,5.33,5.33,5.34,1357600.0
2018-01-08 10:36:45.620000,5.34,5.33,5.34,1381400.0
2018-01-08 10:36:50.070000,5.34,5.33,5.34,1381400.0
2018-01-08 10:36:53.426000,5.34,5.33,5.34,1381400.0
2018-01-08 10:36:57.026000,5.34,5.33,5.34,1381400.0
2018-01-08 10:37:00.190000,5.34,5.33,5.34,1381400.0
2018-01-08 10:37:04.169000,5.34,5.33,5.34,1381400.0
2018-01-08 10:37:11.227000,5.34,5.33,5.34,1381400.0
2018-01-08 10:37:14.565000,5.34,5.33,5.34,1381400.0
2018-01-08 10:37:18.224000,5.34,5.33,5.34,1381400.0
2018-01-08 10:37:21.582000,5.34,5.33,5.34,1381400.0
2018-01-08 10:37:24.352000,5.34,5.33,5.34,1381400.0
2018-01-08 10:37:28.590000,5.34,5.33,5.34,1381400.0
2018-01-08 10:37:32.958000,5.34,5.33,5.34,1381400.0
2018-01-08 10:37:38.021000,5.34,5.33,5.34,1381400.0
2018-01-08 10:37:43.129000,5.34,5.33,5.34,1381400.0
2018-01-08 10:37:48.489000,5.34,5.33,5.34,1381400.0
2018-01-08 10:37:53.208000,5.34,5.33,5.35,1381400.0
2018-01-08 10:37:58.484000,5.34,5.33,5.35,1381400.0
2018-01-08 10:38:03.414000,5.34,5.33,5.35,1381400.0
2018-01-08 10:38:09.786000,5.34,5.33,5.35,1381400.0
2018-01-08 10:38:17.792000,5.34,5.33,5.35,1381400.0
2018-01-08 10:38:22.488000,5.34,5.33,5.35,1381400.0
2018-01-08 10:38:27.182000,5.34,5.33,5.35,1381400.0
2018-01-08 10:38:32.060000,5.34,5.33,5.35,1381400.0
2018-01-08 10:38:36.411000,5.34,5.33,5.35,1381400.0
2018-01-08 10:38:40.947000,5.34,5.33,5.35,1381400.0
2018-01-08 10:38:45.713000,5.34,5.33,5.35,1381400.0
2018-01-08 10:38:50.885000,5.34,5.33,5.35,1381400.0
2018-01-08 10:38:56.089000,5.34,5.33,5.35,1381400.0
2018-01-08 10:39:00.818000,5.34,5.33,5.35,1381400.0
2018-01-08 10:39:05.936000,5.34,5.33,5.35,1381400.0
2018-01-08 10:39:12.041000,5.34,5.33,5.35,1381400.0
2018-01-08 10:39:19.148000,5.34,5.33,5.35,1381400.0
2018-01-08 10:39:23.978000,5.34,5.33,5.35,1381400.0
2018-01-08 10:39:28.697000,5.34,5.33,5.35,1381400.0
2018-01-08 10:39:33.774000,5.34,5.33,5.35,1381400.0
2018-01-08 10:39:39.584000,5.34,5.33,5.35,1381400.0
2018-01-08 10:39:45.010000,5.34,5.33,5.35,1381400.0
2018-01-08 10:39:50.135000,5.34,5.33,5.35,1381400.0
2018-01-08 10:39:55.588000,5.34,5.33,5.35,1381400.0
2018-01-08 10:40:00.236000,5.34,5.33,5.35,1381400.0
2018-01-08 10:40:07.934000,5.34,5.33,5.35,1381400.0
2018-01-08 10:40:12.667000,5.34,5.33,5.35,1381400.0
2018-01-08 10:40:18.103000,5.34,5.33,5.35,1381400.0
2018-01-08 10:40:23.120000,5.34,5.33,5.35,1381400.0
2018-01-08 10:40:30.607000,5.34,5.33,5.35,1381400.0
2018-01-08 10:40:36.145000,5.34,5.33,5.35,1381400.0
2018-01-08 10:40:40.269000,5.34,5.33,5.35,1381400.0
2018-01-08 10:40:44.848000,5.34,5.33,5.35,1381400.0
2018-01-08 10:40:48.133000,5.34,5.33,5.35,1381400.0
2018-01-08 10:40:51.831000,5.34,5.33,5.35,1381400.0
2018-01-08 10:40:56.453000,5.33,5.33,5.35,1421400.0
2018-01-08 10:41:00.872000,5.33,5.33,5.35,1421400.0
2018-01-08 10:41:05.629000,5.33,5.33,5.34,1421400.0
2018-01-08 10:41:12.446000,5.33,5.33,5.34,1421400.0
2018-01-08 10:41:17.808000,5.33,5.33,5.34,1421400.0
2018-01-08 10:41:23.011000,5.33,5.33,5.34,1421400.0
2018-01-08 10:41:27.713000,5.33,5.33,5.34,1421400.0
2018-01-08 10:41:33.135000,5.33,5.33,5.35,1421400.0
2018-01-08 10:41:37.965000,5.33,5.33,5.35,1421400.0
2018-01-08 10:41:42.480000,5.33,5.33,5.35,1421400.0
2018-01-08 10:41:47.614000,5.33,5.33,5.35,1421400.0
2018-01-08 10:41:52.539000,5.33,5.33,5.35,1421400.0
2018-01-08 10:41:57.733000,5.33,5.33,5.35,1421400.0
2018-01-08 10:42:02.662000,5.33,5.33,5.35,1421400.0
2018-01-08 10:42:08.101000,5.33,5.33,5.35,1421400.0
2018-01-08 10:42:13.144000,5.33,5.33,5.35,1421400.0
2018-01-08 10:42:19.955000,5.33,5.33,5.35,1421400.0
2018-01-08 10:42:24.594000,5.33,5.33,5.35,1421400.0
2018-01-08 10:42:29.234000,5.33,5.33,5.35,1421400.0
2018-01-08 10:42:37.814000,5.33,5.33,5.35,1421400.0
2018-01-08 10:42:43.498000,5.33,5.33,5.35,1421400.0
2018-01-08 10:42:48.574000,5.33,5.33,5.35,1421400.0
2018-01-08 10:42:53.892000,5.33,5.33,5.35,1421400.0
2018-01-08 10:42:58.435000,5.33,5.33,5.35,1421400.0
2018-01-08 10:43:04.303000,5.33,5.33,5.35,1421400.0
2018-01-08 10:43:12.938000,5.33,5.33,5.35,1421400.0
2018-01-08 10:43:17.745000,5.33,5.33,5.35,1421400.0
2018-01-08 10:43:22.988000,5.33,5.33,5.35,1421400.0
2018-01-08 10:43:27.507000,5.33,5.33,5.35,1421400.0
2018-01-08 10:43:31.683000,5.33,5.33,5.35,1421400.0
2018-01-08 10:43:36.128000,5.33,5.33,5.35,1421400.0
2018-01-08 10:43:41.939000,5.33,5.33,5.35,1421400.0
2018-01-08 10:43:46.398000,5.33,5.33,5.34,1421400.0
2018-01-08 10:43:51.711000,5.33,5.33,5.34,1421400.0
2018-01-08 10:43:56.595000,5.33,5.33,5.34,1421400.0
2018-01-08 10:44:01.904000,5.33,5.33,5.34,1421400.0
2018-01-08 10:44:07.768000,5.33,5.33,5.34,1421400.0
2018-01-08 10:44:12.699000,5.33,5.33,5.34,1421400.0
2018-01-08 10:44:16.847000,5.33,5.33,5.34,1421400.0
2018-01-08 10:44:20.299000,5.33,5.33,5.34,1421400.0
2018-01-08 10:44:23.689000,5.33,5.33,5.34,1421400.0
2018-01-08 10:44:28.706000,5.33,5.33,5.34,1421400.0
2018-01-08 10:44:33.477000,5.33,5.33,5.34,1421400.0
2018-01-08 10:44:38.437000,5.33,5.33,5.34,1421400.0
2018-01-08 10:44:43.208000,5.33,5.33,5.34,1421400.0
2018-01-08 10:44:48.737000,5.33,5.33,5.34,1421400.0
2018-01-08 10:44:53.308000,5.33,5.33,5.34,1421400.0
2018-01-08 10:44:59.453000,5.33,5.33,5.34,1421400.0
2018-01-08 10:45:04.015000,5.33,5.33,5.34,1421400.0
2018-01-08 10:45:08.154000,5.33,5.33,5.34,1421400.0
2018-01-08 10:45:18.063000,5.33,5.33,5.34,1421400.0
2018-01-08 10:45:22.636000,5.33,5.33,5.34,1421400.0
2018-01-08 10:45:28.240000,5.33,5.33,5.34,1421400.0
2018-01-08 10:45:33.329000,5.33,5.33,5.34,1421400.0
2018-01-08 10:45:37.830000,5.33,5.33,5.34,1421400.0
2018-01-08 10:45:42.425000,5.33,5.33,5.34,1421400.0
2018-01-08 10:45:48.025000,5.33,5.33,5.34,1421400.0
2018-01-08 10:45:53.288000,5.33,5.33,5.34,1421400.0
2018-01-08 10:45:57.653000,5.33,5.33,5.34,1421400.0
2018-01-08 10:46:02.820000,5.33,5.33,5.34,1421400.0
2018-01-08 10:46:10.836000,5.33,5.33,5.34,1421400.0
2018-01-08 10:46:15.851000,5.33,5.33,5.34,1421400.0
2018-01-08 10:46:20.739000,5.33,5.33,5.34,1421400.0
2018-01-08 10:46:25.075000,5.33,5.33,5.34,1421400.0
2018-01-08 10:46:29.608000,5.33,5.33,5.34,1421400.0
2018-01-08 10:46:34.003000,5.33,5.33,5.34,1421400.0
2018-01-08 10:46:39.754000,5.33,5.33,5.34,1421400.0
2018-01-08 10:46:44.700000,5.33,5.33,5.34,1421400.0
2018-01-08 10:46:49.890000,5.33,5.33,5.34,1421400.0
2018-01-08 10:46:54.583000,5.33,5.33,5.34,1421400.0
2018-01-08 10:46:59.401000,5.33,5.33,5.34,1421400.0
2018-01-08 10:47:03.956000,5.33,5.33,5.34,1421400.0
2018-01-08 10:47:07.778000,5.33,5.33,5.34,1421400.0
2018-01-08 10:47:11.801000,5.33,5.33,5.34,1421400.0
2018-01-08 10:47:15.628000,5.33,5.33,5.34,1421400.0
2018-01-08 10:47:20.589000,5.33,5.33,5.34,1421400.0
2018-01-08 10:47:23.709000,5.33,5.33,5.34,1421400.0
2018-01-08 10:47:27.423000,5.33,5.33,5.34,1421400.0
2018-01-08 10:47:30.950000,5.33,5.33,5.34,1421400.0
2018-01-08 10:47:34.222000,5.33,5.33,5.34,1421400.0
2018-01-08 10:47:38.125000,5.33,5.33,5.34,1421400.0
2018-01-08 10:47:41.859000,5.33,5.33,5.34,1421400.0
2018-01-08 10:47:45.222000,5.33,5.33,5.34,1421400.0
2018-01-08 10:47:49.099000,5.33,5.33,5.34,1421400.0
2018-01-08 10:47:54.764000,5.33,5.33,5.34,1421400.0
2018-01-08 10:47:58.283000,5.33,5.33,5.34,1421400.0
2018-01-08 10:48:02.207000,5.33,5.33,5.34,1421400.0
2018-01-08 10:48:06.165000,5.33,5.33,5.34,1421400.0
2018-01-08 10:48:10.012000,5.33,5.33,5.34,1421400.0
2018-01-08 10:48:13.575000,5.33,5.33,5.34,1421400.0
2018-01-08 10:48:17.379000,5.33,5.33,5.34,1421400.0
2018-01-08 10:48:21.302000,5.33,5.33,5.34,1421400.0
2018-01-08 10:48:24.836000,5.33,5.33,5.34,1421400.0
2018-01-08 10:48:28.802000,5.33,5.33,5.34,1421400.0
2018-01-08 10:48:31.958000,5.33,5.33,5.34,1421400.0
2018-01-08 10:48:35.036000,5.33,5.33,5.34,1421400.0
2018-01-08 10:48:39.132000,5.33,5.33,5.34,1421400.0
2018-01-08 10:48:42.816000,5.33,5.33,5.34,1421400.0
2018-01-08 10:48:46.738000,5.33,5.33,5.34,1421400.0
2018-01-08 10:48:50.224000,5.33,5.33,5.34,1421400.0
2018-01-08 10:48:54.212000,5.33,5.33,5.34,1421400.0
2018-01-08 10:48:58.237000,5.33,5.33,5.34,1421400.0
2018-01-08 10:49:03.686000,5.33,5.33,5.34,1421400.0
2018-01-08 10:49:08.127000,5.33,5.33,5.34,1421400.0
2018-01-08 10:49:12.404000,5.33,5.33,5.34,1421400.0
2018-01-08 10:49:16.354000,5.33,5.33,5.34,1421400.0
2018-01-08 10:49:20.402000,5.33,5.33,5.34,1421400.0
2018-01-08 10:49:24.243000,5.33,5.33,5.34,1421400.0
2018-01-08 10:49:27.579000,5.33,5.33,5.34,1421400.0
2018-01-08 10:49:31.266000,5.33,5.33,5.34,1421400.0
2018-01-08 10:49:34.855000,5.33,5.33,5.34,1421400.0
2018-01-08 10:49:38.563000,5.33,5.33,5.34,1421400.0
2018-01-08 10:49:42.004000,5.33,5.33,5.34,1421400.0
2018-01-08 10:49:45.467000,5.33,5.33,5.34,1421400.0
2018-01-08 10:49:49.444000,5.33,5.33,5.34,1421400.0
2018-01-08 10:49:53.542000,5.33,5.33,5.34,1421400.0
2018-01-08 10:49:57.206000,5.33,5.33,5.34,1421400.0
2018-01-08 10:50:01.421000,5.33,5.33,5.34,1421400.0
2018-01-08 10:50:06.027000,5.33,5.33,5.34,1421400.0
2018-01-08 10:50:09.581000,5.33,5.33,5.34,1421400.0
2018-01-08 10:50:13.511000,5.33,5.33,5.34,1426400.0
2018-01-08 10:50:17.612000,5.33,5.33,5.34,1426400.0
2018-01-08 10:50:21.580000,5.33,5.33,5.34,1426400.0
2018-01-08 10:50:25.186000,5.33,5.33,5.34,1426400.0
2018-01-08 10:50:29.136000,5.33,5.33,5.34,1426400.0
2018-01-08 10:50:33.369000,5.33,5.32,5.34,1438400.0
2018-01-08 10:50:36.874000,5.33,5.32,5.34,1438400.0
2018-01-08 10:50:40.588000,5.33,5.32,5.34,1438400.0
2018-01-08 10:50:43.915000,5.33,5.33,5.34,1438400.0
2018-01-08 10:50:47.587000,5.33,5.33,5.34,1438400.0
2018-01-08 10:50:51.032000,5.33,5.33,5.34,1438400.0
2018-01-08 10:50:54.654000,5.33,5.33,5.34,1438400.0
2018-01-08 10:50:58.573000,5.33,5.33,5.34,1438400.0
2018-01-08 10:51:02.324000,5.33,5.32,5.33,1438400.0
2018-01-08 10:51:06.028000,5.33,5.32,5.33,1438400.0
2018-01-08 10:51:10.847000,5.33,5.32,5.33,1438400.0
2018-01-08 10:51:14.713000,5.33,5.32,5.33,1438400.0
2018-01-08 10:51:19.213000,5.33,5.32,5.33,1438400.0
2018-01-08 10:51:23.260000,5.33,5.32,5.33,1438400.0
2018-01-08 10:51:26.701000,5.33,5.32,5.33,1438400.0
2018-01-08 10:51:29.552000,5.33,5.32,5.33,1438400.0
2018-01-08 10:51:32.330000,5.33,5.32,5.33,1438400.0
2018-01-08 10:51:36.068000,5.33,5.32,5.33,1438400.0
2018-01-08 10:51:39.268000,5.33,5.32,5.33,1438400.0
2018-01-08 10:51:43.209000,5.33,5.32,5.33,1438400.0
2018-01-08 10:51:46.495000,5.33,5.32,5.33,1438400.0
2018-01-08 10:51:50.158000,5.33,5.32,5.33,1438400.0
2018-01-08 10:51:54.074000,5.33,5.32,5.33,1438400.0
2018-01-08 10:51:57.949000,5.33,5.32,5.33,1438400.0
2018-01-08 10:52:01.735000,5.33,5.32,5.33,1438400.0
2018-01-08 10:52:08.038000,5.33,5.32,5.33,1438400.0
2018-01-08 10:52:13.594000,5.33,5.32,5.33,1438400.0
2018-01-08 10:52:19.008000,5.33,5.32,5.33,1438400.0
2018-01-08 10:52:23.987000,5.33,5.32,5.33,1438400.0
2018-01-08 10:52:28.721000,5.33,5.32,5.33,1438400.0
2018-01-08 10:52:33.776000,5.33,5.32,5.33,1438400.0
2018-01-08 10:52:38.491000,5.33,5.32,5.33,1438400.0
2018-01-08 10:52:43.310000,5.33,5.32,5.33,1438400.0
2018-01-08 10:52:48.379000,5.33,5.32,5.33,1438400.0
2018-01-08 10:52:53.713000,5.33,5.32,5.33,1438400.0
2018-01-08 10:52:58.570000,5.33,5.32,5.33,1438400.0
2018-01-08 10:53:05.594000,5.33,5.32,5.33,1438400.0
2018-01-08 10:53:12.321000,5.33,5.32,5.33,1438400.0
2018-01-08 10:53:17.335000,5.33,5.32,5.33,1438400.0
2018-01-08 10:53:22.107000,5.33,5.32,5.33,1438400.0
2018-01-08 10:53:27.410000,5.33,5.32,5.33,1438400.0
2018-01-08 10:53:32.718000,5.33,5.32,5.33,1438400.0
2018-01-08 10:53:37.681000,5.33,5.32,5.33,1438400.0
2018-01-08 10:53:42.861000,5.33,5.32,5.33,1438400.0
2018-01-08 10:53:47.199000,5.33,5.32,5.33,1438400.0
2018-01-08 10:53:53.260000,5.33,5.32,5.33,1438400.0
2018-01-08 10:53:58.461000,5.33,5.32,5.33,1438400.0
2018-01-08 10:54:04.079000,5.33,5.32,5.33,1438400.0
2018-01-08 10:54:09.500000,5.33,5.32,5.33,1438400.0
2018-01-08 10:54:14.114000,5.33,5.32,5.33,1438400.0
2018-01-08 10:54:19.363000,5.33,5.32,5.33,1438400.0
2018-01-08 10:54:24.343000,5.33,5.32,5.33,1438400.0
2018-01-08 10:54:28.642000,5.33,5.32,5.33,1438400.0
2018-01-08 10:54:33.831000,5.33,5.32,5.33,1438400.0
2018-01-08 10:54:39.301000,5.33,5.32,5.33,1438400.0
2018-01-08 10:54:44.375000,5.33,5.32,5.33,1438400.0
2018-01-08 10:54:49.565000,5.33,5.32,5.33,1438400.0
2018-01-08 10:54:54.477000,5.33,5.32,5.33,1438400.0
2018-01-08 10:54:59.028000,5.33,5.32,5.33,1438400.0
2018-01-08 10:55:03.978000,5.33,5.32,5.33,1438400.0
2018-01-08 10:55:08.842000,5.33,5.32,5.33,1438400.0
2018-01-08 10:55:12.803000,5.33,5.32,5.33,1438400.0
2018-01-08 10:55:18.722000,5.33,5.32,5.33,1438400.0
2018-01-08 10:55:23.136000,5.33,5.32,5.33,1438400.0
2018-01-08 10:55:27.846000,5.33,5.32,5.33,1438400.0
2018-01-08 10:55:32.745000,5.33,5.32,5.33,1438400.0
2018-01-08 10:55:37.533000,5.33,5.32,5.33,1438400.0
2018-01-08 10:55:41.907000,5.33,5.32,5.33,1438400.0
2018-01-08 10:55:46.804000,5.33,5.32,5.33,1438400.0
2018-01-08 10:55:52.118000,5.33,5.32,5.33,1438400.0
2018-01-08 10:55:57.142000,5.33,5.32,5.33,1438400.0
2018-01-08 10:56:02.038000,5.33,5.32,5.33,1438400.0
2018-01-08 10:56:06.842000,5.33,5.32,5.33,1438400.0
2018-01-08 10:56:15.786000,5.33,5.32,5.33,1438400.0
2018-01-08 10:56:21.438000,5.33,5.32,5.33,1438400.0
2018-01-08 10:56:27.167000,5.33,5.32,5.33,1438400.0
2018-01-08 10:56:32.044000,5.33,5.32,5.33,1438400.0
2018-01-08 10:56:36.957000,5.33,5.32,5.33,1438400.0
2018-01-08 10:56:41.965000,5.33,5.32,5.33,1438400.0
2018-01-08 10:56:47.295000,5.33,5.32,5.33,1438400.0
2018-01-08 10:56:51.456000,5.33,5.32,5.33,1438400.0
2018-01-08 10:56:56.231000,5.33,5.32,5.33,1438400.0
2018-01-08 10:57:00.584000,5.33,5.32,5.33,1438400.0
2018-01-08 10:57:10.596000,5.33,5.32,5.33,1438400.0
2018-01-08 10:57:15.839000,5.33,5.32,5.33,1438400.0
2018-01-08 10:57:21.547000,5.33,5.32,5.33,1438400.0
2018-01-08 10:57:26.639000,5.33,5.32,5.33,1438400.0
2018-01-08 10:57:31.895000,5.33,5.32,5.33,1438400.0
2018-01-08 10:57:37.496000,5.33,5.32,5.33,1438400.0
2018-01-08 10:57:41.439000,5.33,5.32,5.33,1438400.0
2018-01-08 10:57:46.490000,5.33,5.32,5.33,1438400.0
2018-01-08 10:57:52.280000,5.33,5.32,5.33,1438400.0
2018-01-08 10:57:57.516000,5.33,5.32,5.33,1438400.0
2018-01-08 10:58:12.626000,5.33,5.32,5.33,1438400.0
2018-01-08 10:58:21.083000,5.33,5.32,5.33,1438400.0
2018-01-08 10:58:27.226000,5.33,5.32,5.33,1438400.0
2018-01-08 10:58:43.709000,5.32,5.32,5.33,1558400.0
2018-01-08 10:58:47.122000,5.32,5.32,5.33,1558400.0
2018-01-08 10:58:51.084000,5.32,5.32,5.33,1558400.0
2018-01-08 10:58:54.478000,5.32,5.32,5.33,1558400.0
2018-01-08 10:58:58.644000,5.32,5.32,5.33,1558400.0
2018-01-08 10:59:02.151000,5.32,5.32,5.33,1558400.0
2018-01-08 10:59:09.326000,5.32,5.32,5.33,1558400.0
2018-01-08 10:59:13.007000,5.32,5.32,5.33,1558400.0
2018-01-08 10:59:17.413000,5.32,5.32,5.33,1558400.0
2018-01-08 10:59:21.348000,5.32,5.32,5.33,1558400.0
2018-01-08 10:59:24.882000,5.32,5.32,5.33,1558400.0
2018-01-08 10:59:28.721000,5.32,5.32,5.33,1558400.0
2018-01-08 10:59:32.538000,5.32,5.32,5.33,1558400.0
2018-01-08 10:59:35.968000,5.32,5.32,5.33,1558400.0
2018-01-08 10:59:40.288000,5.32,5.32,5.33,1558400.0
2018-01-08 10:59:44.648000,5.32,5.32,5.33,1558400.0
2018-01-08 10:59:48.511000,5.32,5.32,5.33,1558400.0
2018-01-08 10:59:52.246000,5.32,5.32,5.33,1558400.0
2018-01-08 10:59:55.930000,5.32,5.32,5.33,1558400.0
2018-01-08 10:59:58.716000,5.32,5.32,5.33,1558400.0
2018-01-08 11:00:02.900000,5.32,5.32,5.33,1558400.0
2018-01-08 11:00:11.797000,5.32,5.32,5.33,1558400.0
2018-01-08 11:00:22.320000,5.32,5.32,5.33,1558400.0
2018-01-08 11:00:25.259000,5.32,5.32,5.33,1558400.0
2018-01-08 11:00:29.014000,5.32,5.32,5.33,1558400.0
2018-01-08 11:00:32.585000,5.32,5.32,5.33,1558400.0
2018-01-08 11:00:36.342000,5.32,5.32,5.33,1558400.0
2018-01-08 11:00:40.695000,5.32,5.32,5.33,1558400.0
2018-01-08 11:00:43.998000,5.32,5.32,5.33,1558400.0
2018-01-08 11:00:47.668000,5.32,5.32,5.33,1558400.0
2018-01-08 11:00:51.676000,5.32,5.32,5.33,1558400.0
2018-01-08 11:00:55.375000,5.32,5.32,5.33,1558400.0
2018-01-08 11:00:59.520000,5.32,5.32,5.33,1558400.0
2018-01-08 11:01:03.416000,5.32,5.32,5.33,1558400.0
2018-01-08 11:01:10.010000,5.32,5.32,5.33,1558400.0
2018-01-08 11:01:15.166000,5.32,5.32,5.33,1558400.0
2018-01-08 11:01:21.197000,5.32,5.32,5.33,1558400.0
2018-01-08 11:01:24.584000,5.32,5.32,5.33,1558400.0
2018-01-08 11:01:28.307000,5.32,5.32,5.33,1558400.0
2018-01-08 11:01:31.996000,5.32,5.32,5.33,1558400.0
2018-01-08 11:01:35.745000,5.32,5.32,5.33,1558400.0
2018-01-08 11:01:39.484000,5.32,5.32,5.33,1558400.0
2018-01-08 11:01:43.200000,5.32,5.32,5.33,1558400.0
2018-01-08 11:01:46.660000,5.32,5.32,5.33,1558400.0
2018-01-08 11:01:50.489000,5.32,5.32,5.33,1558400.0
2018-01-08 11:01:54.374000,5.32,5.32,5.33,1558400.0
2018-01-08 11:01:58.444000,5.32,5.32,5.33,1558400.0
2018-01-08 11:02:02.292000,5.32,5.32,5.33,1558400.0
2018-01-08 11:02:06.137000,5.32,5.32,5.33,1558400.0
2018-01-08 11:02:09.539000,5.32,5.32,5.33,1558400.0
2018-01-08 11:02:14.866000,5.32,5.32,5.33,1558400.0
2018-01-08 11:02:19.225000,5.32,5.32,5.33,1558400.0
2018-01-08 11:02:23.271000,5.32,5.32,5.33,1558400.0
2018-01-08 11:02:27.062000,5.32,5.32,5.33,1558400.0
2018-01-08 11:02:30.785000,5.32,5.32,5.33,1558400.0
2018-01-08 11:02:34.753000,5.32,5.32,5.33,1558400.0
2018-01-08 11:02:39.677000,5.32,5.32,5.33,1558400.0
2018-01-08 11:02:43.642000,5.32,5.32,5.33,1558400.0
2018-01-08 11:02:50.058000,5.32,5.32,5.33,1558400.0
2018-01-08 11:02:53.961000,5.32,5.32,5.33,1558400.0
2018-01-08 11:02:57.249000,5.32,5.32,5.33,1558400.0
2018-01-08 11:03:00.915000,5.32,5.32,5.33,1558400.0
2018-01-08 11:03:04.545000,5.32,5.32,5.33,1558400.0
2018-01-08 11:03:12.505000,5.32,5.32,5.33,1558400.0
2018-01-08 11:03:15.862000,5.32,5.32,5.33,1558400.0
2018-01-08 11:03:19.474000,5.32,5.32,5.33,1558400.0
2018-01-08 11:03:23.614000,5.32,5.32,5.33,1558400.0
2018-01-08 11:03:27.528000,5.32,5.32,5.33,1558400.0
2018-01-08 11:03:31.248000,5.32,5.32,5.33,1558400.0
2018-01-08 11:03:35.060000,5.32,5.32,5.33,1558400.0
2018-01-08 11:03:39.164000,5.32,5.32,5.33,1558400.0
2018-01-08 11:03:43.062000,5.32,5.32,5.33,1558400.0
2018-01-08 11:03:47.428000,5.32,5.32,5.33,1558400.0
2018-01-08 11:03:51.002000,5.32,5.32,5.33,1558400.0
2018-01-08 11:03:54.671000,5.32,5.32,5.33,1558400.0
2018-01-08 11:03:58.579000,5.32,5.32,5.33,1558400.0
2018-01-08 11:04:02.538000,5.32,5.32,5.33,1558400.0
2018-01-08 11:04:06.407000,5.32,5.32,5.33,1558400.0
2018-01-08 11:04:12.041000,5.32,5.32,5.33,1558400.0
2018-01-08 11:04:16.036000,5.32,5.32,5.33,1558400.0
2018-01-08 11:04:19.901000,5.32,5.32,5.33,1558400.0
2018-01-08 11:04:23.508000,5.32,5.32,5.33,1558400.0
2018-01-08 11:04:26.797000,5.32,5.32,5.33,1558400.0
2018-01-08 11:04:30.644000,5.32,5.32,5.33,1558400.0
2018-01-08 11:04:34.788000,5.32,5.32,5.33,1558400.0
2018-01-08 11:04:38.714000,5.32,5.32,5.33,1558400.0
2018-01-08 11:04:42.427000,5.32,5.32,5.33,1558400.0
2018-01-08 11:04:45.914000,5.32,5.32,5.33,1558400.0
2018-01-08 11:04:49.940000,5.32,5.32,5.33,1558400.0
2018-01-08 11:04:53.836000,5.32,5.32,5.33,1558400.0
2018-01-08 11:04:57.342000,5.32,5.32,5.33,1558400.0
2018-01-08 11:05:01.095000,5.32,5.32,5.33,1558400.0
2018-01-08 11:05:06.079000,5.32,5.32,5.33,1558400.0
2018-01-08 11:05:11.741000,5.32,5.32,5.33,1558400.0
2018-01-08 11:05:15.012000,5.32,5.32,5.33,1558400.0
2018-01-08 11:05:18.229000,5.32,5.32,5.33,1558400.0
2018-01-08 11:05:21.769000,5.32,5.32,5.33,1558400.0
2018-01-08 11:05:25.251000,5.32,5.32,5.33,1558400.0
2018-01-08 11:05:28.790000,5.32,5.32,5.33,1558400.0
2018-01-08 11:05:32.910000,5.32,5.32,5.33,1558400.0
2018-01-08 11:05:36.773000,5.32,5.32,5.33,1558400.0
2018-01-08 11:05:40.612000,5.32,5.32,5.33,1558400.0
2018-01-08 11:05:44.352000,5.32,5.32,5.33,1558400.0
2018-01-08 11:05:47.114000,5.32,5.32,5.33,1558400.0
2018-01-08 11:05:50.878000,5.32,5.32,5.33,1558400.0
2018-01-08 11:05:54.356000,5.32,5.32,5.33,1558400.0
2018-01-08 11:05:58.816000,5.32,5.32,5.33,1558400.0
2018-01-08 11:06:02.543000,5.32,5.32,5.33,1558400.0
2018-01-08 11:06:07.246000,5.32,5.32,5.33,1558400.0
2018-01-08 11:06:14.308000,5.32,5.32,5.33,1558400.0
2018-01-08 11:06:18.092000,5.32,5.32,5.33,1558400.0
2018-01-08 11:06:21.633000,5.32,5.32,5.33,1558400.0
2018-01-08 11:06:25.276000,5.32,5.32,5.33,1558400.0
2018-01-08 11:06:29.290000,5.32,5.32,5.33,1558400.0
2018-01-08 11:06:32.549000,5.32,5.32,5.33,1558400.0
2018-01-08 11:06:36.213000,5.32,5.32,5.33,1558400.0
2018-01-08 11:06:39.785000,5.32,5.32,5.33,1558400.0
2018-01-08 11:06:43.415000,5.32,5.32,5.33,1558400.0
2018-01-08 11:06:47.183000,5.32,5.32,5.33,1558400.0
2018-01-08 11:06:51.180000,5.32,5.32,5.33,1558400.0
2018-01-08 11:06:54.724000,5.32,5.32,5.33,1558400.0
2018-01-08 11:06:57.937000,5.32,5.32,5.33,1558400.0
2018-01-08 11:07:01.064000,5.32,5.32,5.33,1558400.0
2018-01-08 11:07:04.902000,5.32,5.32,5.33,1558400.0
2018-01-08 11:07:10.747000,5.32,5.32,5.33,1558400.0
2018-01-08 11:07:15.351000,5.32,5.32,5.33,1558400.0
2018-01-08 11:07:20.525000,5.32,5.32,5.33,1558400.0
2018-01-08 11:07:24.056000,5.32,5.32,5.33,1558400.0
2018-01-08 11:07:28.200000,5.32,5.32,5.33,1558400.0
2018-01-08 11:07:31.699000,5.32,5.32,5.33,1558400.0
2018-01-08 11:07:35.708000,5.32,5.32,5.33,1558400.0
2018-01-08 11:07:39.226000,5.32,5.32,5.33,1558400.0
2018-01-08 11:07:42.982000,5.32,5.32,5.33,1558400.0
2018-01-08 11:07:46.771000,5.32,5.32,5.33,1558400.0
2018-01-08 11:07:50.462000,5.32,5.32,5.33,1558400.0
2018-01-08 11:07:54.519000,5.32,5.32,5.33,1558400.0
2018-01-08 11:07:58.117000,5.32,5.32,5.33,1558400.0
2018-01-08 11:08:02.317000,5.32,5.32,5.33,1558400.0
2018-01-08 11:08:06.021000,5.32,5.32,5.33,1558400.0
2018-01-08 11:08:10.360000,5.32,5.32,5.33,1558400.0
2018-01-08 11:08:15.630000,5.32,5.32,5.33,1558400.0
2018-01-08 11:08:19.767000,5.32,5.32,5.33,1558400.0
2018-01-08 11:08:23.962000,5.32,5.32,5.33,1558400.0
2018-01-08 11:08:27.591000,5.32,5.32,5.33,1558400.0
2018-01-08 11:08:31.256000,5.32,5.32,5.33,1558400.0
2018-01-08 11:08:34.602000,5.32,5.32,5.33,1558400.0
2018-01-08 11:08:38.428000,5.32,5.32,5.33,1558400.0
2018-01-08 11:08:42.029000,5.32,5.32,5.33,1558400.0
2018-01-08 11:08:55.864000,5.32,5.32,5.33,1558400.0
2018-01-08 11:08:59.648000,5.32,5.32,5.33,1558400.0
2018-01-08 11:09:02.640000,5.32,5.32,5.33,1558400.0
2018-01-08 11:09:07.010000,5.32,5.32,5.33,1558400.0
2018-01-08 11:09:10.362000,5.32,5.32,5.33,1558400.0
2018-01-08 11:09:32.660000,5.32,5.32,5.33,1616500.0
2018-01-08 11:09:36.667000,5.32,5.32,5.33,1616500.0
2018-01-08 11:09:40.498000,5.32,5.32,5.33,1616500.0
2018-01-08 11:09:44.246000,5.32,5.32,5.33,1616500.0
2018-01-08 11:09:47.620000,5.32,5.32,5.33,1616500.0
2018-01-08 11:09:51.834000,5.32,5.32,5.33,1616500.0
2018-01-08 11:09:55.275000,5.32,5.32,5.33,1616500.0
2018-01-08 11:09:59.063000,5.32,5.32,5.33,1616500.0
2018-01-08 11:10:02.916000,5.32,5.32,5.33,1616500.0
2018-01-08 11:10:06.694000,5.32,5.32,5.33,1616500.0
2018-01-08 11:10:10.445000,5.32,5.32,5.33,1616500.0
2018-01-08 11:10:14.385000,5.32,5.32,5.33,1616500.0
2018-01-08 11:10:19.232000,5.32,5.32,5.33,1616500.0
2018-01-08 11:10:23.296000,5.32,5.32,5.33,1616500.0
2018-01-08 11:10:28.423000,5.32,5.32,5.33,1616500.0
2018-01-08 11:10:31.917000,5.32,5.32,5.33,1616500.0
2018-01-08 11:10:35.790000,5.32,5.32,5.33,1616500.0
2018-01-08 11:10:39.043000,5.32,5.32,5.33,1616500.0
2018-01-08 11:10:42.961000,5.32,5.32,5.33,1616500.0
2018-01-08 11:10:46.527000,5.32,5.32,5.33,1616500.0
2018-01-08 11:10:50.432000,5.32,5.32,5.33,1616500.0
2018-01-08 11:10:54.289000,5.32,5.32,5.33,1616500.0
2018-01-08 11:10:57.957000,5.32,5.32,5.33,1616500.0
2018-01-08 11:11:01.352000,5.32,5.32,5.33,1616500.0
2018-01-08 11:11:18.361000,5.32,5.32,5.33,1616500.0
2018-01-08 11:11:22.533000,5.32,5.32,5.33,1616500.0
2018-01-08 11:11:26.384000,5.32,5.32,5.33,1616500.0
2018-01-08 11:11:30.299000,5.32,5.32,5.33,1616500.0
2018-01-08 11:11:33.734000,5.32,5.32,5.33,1616500.0
2018-01-08 11:11:37.574000,5.32,5.32,5.33,1616500.0
2018-01-08 11:11:41.090000,5.32,5.32,5.33,1616500.0
2018-01-08 11:11:44.237000,5.32,5.32,5.33,1616500.0
2018-01-08 11:11:47.768000,5.32,5.32,5.33,1616500.0
2018-01-08 11:11:51.664000,5.32,5.32,5.33,1616500.0
2018-01-08 11:11:54.496000,5.32,5.32,5.33,1616500.0
2018-01-08 11:11:58.156000,5.32,5.32,5.33,1616500.0
2018-01-08 11:12:01.307000,5.32,5.32,5.33,1616500.0
2018-01-08 11:12:05.050000,5.32,5.32,5.33,1616500.0
2018-01-08 11:12:10.949000,5.32,5.32,5.33,1616500.0
2018-01-08 11:12:16.495000,5.32,5.32,5.33,1616500.0
2018-01-08 11:12:20.544000,5.32,5.32,5.33,1616500.0
2018-01-08 11:12:24.422000,5.32,5.32,5.33,1616500.0
2018-01-08 11:12:28.339000,5.32,5.32,5.33,1616500.0
2018-01-08 11:12:31.974000,5.32,5.32,5.33,1616500.0
2018-01-08 11:12:35.732000,5.32,5.32,5.33,1616500.0
2018-01-08 11:12:39.240000,5.32,5.32,5.33,1616500.0
2018-01-08 11:12:45.887000,5.32,5.32,5.33,1616500.0
2018-01-08 11:12:49.589000,5.32,5.32,5.33,1616500.0
2018-01-08 11:12:52.871000,5.32,5.32,5.33,1616500.0
2018-01-08 11:12:56.105000,5.32,5.32,5.33,1616500.0
2018-01-08 11:13:00.068000,5.32,5.32,5.33,1616500.0
2018-01-08 11:13:03.725000,5.32,5.32,5.33,1616500.0
2018-01-08 11:13:06.990000,5.32,5.32,5.33,1616500.0
2018-01-08 11:13:10.935000,5.32,5.32,5.33,1616500.0
2018-01-08 11:13:15.098000,5.32,5.32,5.33,1616500.0
2018-01-08 11:13:18.489000,5.32,5.32,5.33,1616500.0
2018-01-08 11:13:21.921000,5.32,5.32,5.33,1616500.0
2018-01-08 11:13:25.771000,5.32,5.32,5.33,1616500.0
2018-01-08 11:13:29.184000,5.32,5.32,5.33,1616500.0
2018-01-08 11:13:32.499000,5.32,5.32,5.33,1616500.0
2018-01-08 11:13:36.447000,5.32,5.32,5.33,1616500.0
2018-01-08 11:13:40.388000,5.32,5.32,5.33,1616500.0
2018-01-08 11:13:44.437000,5.32,5.32,5.33,1616500.0
2018-01-08 11:13:48.345000,5.32,5.32,5.33,1616500.0
2018-01-08 11:13:51.419000,5.32,5.32,5.33,1616500.0
2018-01-08 11:13:55.254000,5.32,5.32,5.33,1616500.0
2018-01-08 11:13:59.084000,5.32,5.32,5.33,1616500.0
2018-01-08 11:14:03.512000,5.32,5.32,5.33,1616500.0
2018-01-08 11:14:06.864000,5.32,5.32,5.33,1616500.0
2018-01-08 11:14:12.611000,5.32,5.32,5.33,1616500.0
2018-01-08 11:14:16.614000,5.32,5.32,5.33,1616500.0
2018-01-08 11:14:20.325000,5.32,5.32,5.33,1616500.0
2018-01-08 11:14:24.686000,5.32,5.32,5.33,1616500.0
2018-01-08 11:14:27.995000,5.32,5.32,5.33,1616500.0
2018-01-08 11:14:31.600000,5.32,5.32,5.33,1616500.0
2018-01-08 11:14:35.434000,5.32,5.32,5.33,1616500.0
2018-01-08 11:14:38.671000,5.32,5.32,5.33,1616500.0
2018-01-08 11:14:42.538000,5.32,5.32,5.33,1616500.0
2018-01-08 11:14:46.548000,5.32,5.32,5.33,1616500.0
2018-01-08 11:14:50.176000,5.32,5.32,5.33,1616500.0
2018-01-08 11:14:54.096000,5.32,5.32,5.33,1616500.0
2018-01-08 11:14:57.360000,5.32,5.32,5.33,1616500.0
2018-01-08 11:15:00.821000,5.32,5.32,5.33,1616500.0
2018-01-08 11:15:05.760000,5.32,5.32,5.33,1616500.0
2018-01-08 11:15:12.281000,5.32,5.32,5.33,1616500.0
2018-01-08 11:15:16.059000,5.32,5.32,5.33,1616500.0
2018-01-08 11:15:19.650000,5.32,5.32,5.33,1616500.0
2018-01-08 11:15:23.228000,5.32,5.32,5.33,1616500.0
2018-01-08 11:15:27.774000,5.32,5.32,5.33,1616500.0
2018-01-08 11:15:31.911000,5.32,5.32,5.33,1616500.0
2018-01-08 11:15:35.841000,5.32,5.32,5.33,1616500.0
2018-01-08 11:15:40.609000,5.32,5.32,5.33,1616500.0
2018-01-08 11:15:44.418000,5.32,5.32,5.33,1616500.0
2018-01-08 11:15:48.377000,5.32,5.32,5.33,1616500.0
2018-01-08 11:15:52.200000,5.32,5.32,5.33,1616500.0
2018-01-08 11:15:58.376000,5.32,5.32,5.33,1616500.0
2018-01-08 11:16:06.093000,5.32,5.32,5.33,1616500.0
2018-01-08 11:16:11.469000,5.32,5.32,5.33,1616500.0
2018-01-08 11:16:17.690000,5.32,5.32,5.33,1616500.0
2018-01-08 11:16:21.635000,5.32,5.32,5.33,1616500.0
2018-01-08 11:16:24.964000,5.32,5.32,5.33,1616500.0
2018-01-08 11:16:29.073000,5.32,5.32,5.33,1616500.0
2018-01-08 11:16:33.007000,5.32,5.32,5.33,1616500.0
2018-01-08 11:16:36.728000,5.32,5.32,5.33,1616500.0
2018-01-08 11:16:39.775000,5.32,5.32,5.33,1616500.0
2018-01-08 11:16:43.786000,5.32,5.32,5.33,1616500.0
2018-01-08 11:16:47.523000,5.32,5.32,5.33,1616500.0
2018-01-08 11:16:51.068000,5.32,5.32,5.33,1616500.0
2018-01-08 11:16:55.179000,5.32,5.32,5.33,1616500.0
2018-01-08 11:16:58.828000,5.32,5.32,5.33,1616500.0
2018-01-08 11:17:02.367000,5.32,5.32,5.33,1616500.0
2018-01-08 11:17:06.788000,5.32,5.32,5.33,1616500.0
2018-01-08 11:17:13.830000,5.32,5.32,5.33,1616500.0
2018-01-08 11:17:17.496000,5.32,5.32,5.33,1616500.0
2018-01-08 11:17:22.085000,5.32,5.32,5.33,1616500.0
2018-01-08 11:17:25.928000,5.32,5.32,5.33,1616500.0
2018-01-08 11:17:29.733000,5.32,5.32,5.33,1616500.0
2018-01-08 11:17:33.590000,5.32,5.32,5.33,1616500.0
2018-01-08 11:17:36.935000,5.32,5.32,5.33,1616500.0
2018-01-08 11:17:40.400000,5.32,5.32,5.33,1616500.0
2018-01-08 11:17:44.442000,5.32,5.32,5.33,1616500.0
2018-01-08 11:17:47.977000,5.32,5.32,5.33,1616500.0
2018-01-08 11:17:51.370000,5.32,5.32,5.33,1616500.0
2018-01-08 11:17:55.372000,5.32,5.32,5.33,1616500.0
2018-01-08 11:17:59.273000,5.32,5.32,5.33,1616500.0
2018-01-08 11:18:02.756000,5.32,5.32,5.33,1616500.0
2018-01-08 11:18:06.551000,5.32,5.32,5.33,1616500.0
2018-01-08 11:18:10.653000,5.32,5.32,5.33,1616500.0
2018-01-08 11:18:13.426000,5.32,5.32,5.33,1616500.0
2018-01-08 11:18:17.605000,5.32,5.32,5.33,1616500.0
2018-01-08 11:18:21.748000,5.32,5.32,5.33,1616500.0
2018-01-08 11:18:25.976000,5.32,5.32,5.33,1616500.0
2018-01-08 11:18:29.513000,5.32,5.32,5.33,1616500.0
2018-01-08 11:18:32.817000,5.32,5.32,5.33,1616500.0
2018-01-08 11:18:36.616000,5.32,5.32,5.33,1616500.0
2018-01-08 11:18:40.338000,5.32,5.32,5.33,1616500.0
2018-01-08 11:18:44.076000,5.32,5.32,5.33,1616500.0
2018-01-08 11:18:47.990000,5.32,5.32,5.33,1616500.0
2018-01-08 11:18:51.586000,5.32,5.32,5.33,1616500.0
2018-01-08 11:18:55.680000,5.32,5.32,5.33,1616500.0
2018-01-08 11:18:59.533000,5.33,5.32,5.33,1616600.0
2018-01-08 11:19:03.054000,5.33,5.32,5.33,1616600.0
2018-01-08 11:19:08.972000,5.33,5.32,5.33,1616600.0
2018-01-08 11:19:12.477000,5.33,5.32,5.33,1616600.0
2018-01-08 11:19:15.496000,5.33,5.32,5.33,1616600.0
2018-01-08 11:19:19.312000,5.33,5.32,5.33,1616600.0
2018-01-08 11:19:23.318000,5.33,5.32,5.33,1616600.0
2018-01-08 11:19:27.287000,5.33,5.32,5.33,1616600.0
2018-01-08 11:19:31.208000,5.33,5.32,5.33,1616600.0
2018-01-08 11:19:35.289000,5.33,5.32,5.33,1616600.0
2018-01-08 11:19:38.885000,5.33,5.32,5.33,1616600.0
2018-01-08 11:19:42.615000,5.33,5.32,5.33,1616600.0
2018-01-08 11:19:46.569000,5.33,5.32,5.33,1616600.0
2018-01-08 11:19:49.611000,5.33,5.32,5.33,1616600.0
2018-01-08 11:19:53.437000,5.33,5.32,5.33,1616600.0
2018-01-08 11:19:57.241000,5.33,5.32,5.33,1616600.0
2018-01-08 11:20:00.781000,5.33,5.32,5.33,1624100.0
2018-01-08 11:20:04.394000,5.33,5.32,5.33,1624100.0
2018-01-08 11:20:07.907000,5.33,5.32,5.33,1624100.0
2018-01-08 11:20:15.511000,5.33,5.32,5.33,1624100.0
2018-01-08 11:20:19.264000,5.33,5.32,5.33,1624100.0
2018-01-08 11:20:23.799000,5.33,5.32,5.33,1624100.0
2018-01-08 11:20:27.870000,5.33,5.32,5.33,1624100.0
2018-01-08 11:20:31.561000,5.33,5.32,5.33,1624100.0
2018-01-08 11:20:35.084000,5.33,5.32,5.33,1624100.0
2018-01-08 11:20:38.523000,5.33,5.32,5.33,1624100.0
2018-01-08 11:20:42.230000,5.33,5.32,5.33,1624100.0
2018-01-08 11:20:46.035000,5.33,5.32,5.33,1624100.0
2018-01-08 11:20:49.537000,5.33,5.32,5.33,1624100.0
2018-01-08 11:20:53.486000,5.33,5.32,5.33,1624100.0
2018-01-08 11:20:57.496000,5.33,5.32,5.33,1624100.0
2018-01-08 11:21:01.265000,5.33,5.32,5.33,1624100.0
2018-01-08 11:21:07.602000,5.33,5.32,5.33,1624100.0
2018-01-08 11:21:11.238000,5.33,5.32,5.33,1624100.0
2018-01-08 11:21:15.179000,5.33,5.32,5.33,1624100.0
2018-01-08 11:21:19.205000,5.33,5.32,5.33,1624100.0
2018-01-08 11:21:23.050000,5.33,5.32,5.33,1624100.0
2018-01-08 11:21:26.836000,5.33,5.32,5.33,1624100.0
2018-01-08 11:21:30.833000,5.33,5.32,5.33,1624100.0
2018-01-08 11:21:34.793000,5.33,5.32,5.33,1624100.0
2018-01-08 11:21:38.800000,5.33,5.32,5.33,1624100.0
2018-01-08 11:21:42.665000,5.33,5.32,5.33,1624100.0
2018-01-08 11:21:46.689000,5.33,5.32,5.33,1624100.0
2018-01-08 11:21:49.997000,5.33,5.32,5.33,1624100.0
2018-01-08 11:21:53.473000,5.33,5.32,5.33,1624100.0
2018-01-08 11:21:57.640000,5.33,5.32,5.33,1624100.0
2018-01-08 11:22:01.055000,5.33,5.32,5.33,1624100.0
2018-01-08 11:22:05.959000,5.33,5.32,5.33,1624100.0
2018-01-08 11:22:09.952000,5.33,5.32,5.33,1624100.0
2018-01-08 11:22:13.560000,5.33,5.32,5.33,1624100.0
2018-01-08 11:22:20.102000,5.33,5.32,5.33,1624100.0
2018-01-08 11:22:24.551000,5.33,5.32,5.33,1624100.0
2018-01-08 11:22:27.844000,5.33,5.32,5.33,1624100.0
2018-01-08 11:22:31.292000,5.33,5.32,5.33,1624100.0
2018-01-08 11:22:35.442000,5.33,5.32,5.33,1624100.0
2018-01-08 11:22:39.450000,5.33,5.32,5.33,1624100.0
2018-01-08 11:22:43.137000,5.33,5.32,5.33,1624100.0
2018-01-08 11:22:47.184000,5.33,5.32,5.33,1624100.0
2018-01-08 11:22:51.167000,5.33,5.32,5.33,1624100.0
2018-01-08 11:22:55.120000,5.33,5.32,5.33,1624100.0
2018-01-08 11:22:58.780000,5.33,5.32,5.33,1624100.0
2018-01-08 11:23:02.537000,5.33,5.32,5.33,1624100.0
2018-01-08 11:23:06.538000,5.33,5.32,5.33,1624100.0
2018-01-08 11:23:10.463000,5.33,5.32,5.33,1624100.0
2018-01-08 11:23:16.701000,5.33,5.32,5.33,1624100.0
2018-01-08 11:23:20.471000,5.33,5.32,5.33,1624100.0
2018-01-08 11:23:23.786000,5.33,5.32,5.33,1624100.0
2018-01-08 11:23:27.357000,5.33,5.32,5.33,1624100.0
2018-01-08 11:23:31.317000,5.33,5.32,5.33,1624100.0
2018-01-08 11:23:34.114000,5.33,5.32,5.33,1624100.0
2018-01-08 11:23:38.069000,5.33,5.32,5.33,1624100.0
2018-01-08 11:23:41.558000,5.33,5.32,5.33,1624100.0
2018-01-08 11:23:44.975000,5.33,5.32,5.33,1624100.0
2018-01-08 11:23:48.816000,5.33,5.32,5.33,1624100.0
2018-01-08 11:23:52.654000,5.33,5.32,5.33,1624100.0
2018-01-08 11:23:56.221000,5.33,5.32,5.33,1624100.0
2018-01-08 11:23:59.985000,5.33,5.32,5.33,1624100.0
2018-01-08 11:24:03.845000,5.33,5.32,5.33,1624100.0
2018-01-08 11:24:07.138000,5.33,5.32,5.33,1624100.0
2018-01-08 11:24:10.529000,5.33,5.32,5.33,1624100.0
2018-01-08 11:24:13.799000,5.33,5.32,5.33,1624100.0
2018-01-08 11:24:18.080000,5.33,5.32,5.33,1624100.0
2018-01-08 11:24:22.079000,5.33,5.32,5.33,1624100.0
2018-01-08 11:24:26.250000,5.33,5.32,5.33,1624100.0
2018-01-08 11:24:29.370000,5.33,5.32,5.33,1624100.0
2018-01-08 11:24:33.178000,5.33,5.32,5.33,1624100.0
2018-01-08 11:24:36.687000,5.33,5.32,5.33,1624100.0
2018-01-08 11:24:40.232000,5.33,5.32,5.33,1624100.0
2018-01-08 11:24:42.985000,5.33,5.32,5.33,1624100.0
2018-01-08 11:24:46.916000,5.33,5.32,5.33,1624100.0
2018-01-08 11:24:50.861000,5.33,5.32,5.33,1624100.0
2018-01-08 11:24:54.539000,5.33,5.32,5.33,1624100.0
2018-01-08 11:24:58.733000,5.33,5.32,5.33,1624100.0
2018-01-08 11:25:02.186000,5.33,5.32,5.33,1624100.0
2018-01-08 11:25:06.345000,5.33,5.32,5.33,1624100.0
2018-01-08 11:25:10.089000,5.33,5.32,5.33,1624100.0
2018-01-08 11:25:13.753000,5.33,5.32,5.33,1624100.0
2018-01-08 11:25:17.664000,5.33,5.32,5.33,1624100.0
2018-01-08 11:25:24.214000,5.33,5.32,5.33,1624100.0
2018-01-08 11:25:27.484000,5.33,5.32,5.33,1624100.0
2018-01-08 11:25:31.403000,5.33,5.32,5.33,1624100.0
2018-01-08 11:25:34.857000,5.33,5.32,5.33,1624100.0
2018-01-08 11:25:37.954000,5.33,5.32,5.33,1624100.0
2018-01-08 11:25:41.889000,5.33,5.32,5.33,1624100.0
2018-01-08 11:25:45.538000,5.33,5.32,5.33,1624100.0
2018-01-08 11:25:48.752000,5.33,5.32,5.33,1624100.0
2018-01-08 11:25:52.220000,5.33,5.32,5.33,1624100.0
2018-01-08 11:25:56.098000,5.33,5.32,5.33,1624100.0
2018-01-08 11:25:59.907000,5.33,5.32,5.33,1624100.0
2018-01-08 11:26:02.970000,5.33,5.32,5.33,1624100.0
2018-01-08 11:26:07.110000,5.33,5.32,5.33,1624100.0
2018-01-08 11:26:11.936000,5.33,5.32,5.33,1624100.0
2018-01-08 11:26:15.321000,5.33,5.32,5.33,1624100.0
2018-01-08 11:26:20.097000,5.33,5.32,5.33,1624100.0
2018-01-08 11:26:23.535000,5.33,5.32,5.33,1624100.0
2018-01-08 11:26:27.581000,5.33,5.32,5.33,1624100.0
2018-01-08 11:26:31.807000,5.33,5.32,5.33,1624100.0
2018-01-08 11:26:35.900000,5.33,5.32,5.33,1624100.0
2018-01-08 11:26:39.685000,5.33,5.32,5.33,1624100.0
2018-01-08 11:26:43.394000,5.33,5.32,5.33,1624100.0
2018-01-08 11:26:46.825000,5.33,5.32,5.33,1624100.0
2018-01-08 11:26:50.775000,5.33,5.32,5.33,1624100.0
2018-01-08 11:26:54.789000,5.33,5.32,5.33,1624100.0
2018-01-08 11:26:58.963000,5.33,5.32,5.33,1624100.0
2018-01-08 11:27:02.988000,5.33,5.32,5.33,1624100.0
2018-01-08 11:27:06.495000,5.33,5.32,5.33,1624100.0
2018-01-08 11:27:10.963000,5.33,5.32,5.33,1624100.0
2018-01-08 11:27:14.245000,5.33,5.32,5.33,1624100.0
2018-01-08 11:27:17.954000,5.33,5.32,5.33,1624100.0
2018-01-08 11:27:21.560000,5.33,5.32,5.33,1624100.0
2018-01-08 11:27:25.519000,5.33,5.32,5.33,1624100.0
2018-01-08 11:27:28.938000,5.33,5.32,5.33,1624100.0
2018-01-08 11:27:32.159000,5.33,5.32,5.33,1624100.0
2018-01-08 11:27:35.917000,5.33,5.32,5.33,1624100.0
2018-01-08 11:27:39.855000,5.33,5.32,5.33,1624100.0
2018-01-08 11:27:42.798000,5.33,5.32,5.33,1624100.0
2018-01-08 11:27:46.433000,5.33,5.32,5.33,1624100.0
2018-01-08 11:27:50.449000,5.33,5.32,5.33,1624100.0
2018-01-08 11:27:53.633000,5.33,5.32,5.33,1624100.0
2018-01-08 11:27:57.439000,5.33,5.32,5.33,1624100.0
2018-01-08 11:28:01.340000,5.33,5.32,5.33,1624100.0
2018-01-08 11:28:04.796000,5.33,5.32,5.33,1624100.0
2018-01-08 11:28:12.162000,5.33,5.32,5.33,1624100.0
2018-01-08 11:28:15.021000,5.33,5.32,5.33,1624100.0
2018-01-08 11:28:21.886000,5.33,5.32,5.33,1624100.0
2018-01-08 11:28:25.783000,5.33,5.32,5.33,1624100.0
2018-01-08 11:28:29.553000,5.33,5.32,5.33,1624100.0
2018-01-08 11:28:33.420000,5.33,5.32,5.33,1624100.0
2018-01-08 11:28:37.417000,5.33,5.32,5.33,1624100.0
2018-01-08 11:28:40.266000,5.33,5.32,5.33,1624100.0
2018-01-08 11:28:44.321000,5.33,5.32,5.33,1624100.0
2018-01-08 11:28:47.974000,5.33,5.32,5.33,1624100.0
2018-01-08 11:28:51.150000,5.33,5.32,5.33,1624100.0
2018-01-08 11:28:55.180000,5.33,5.32,5.33,1624100.0
2018-01-08 11:28:59.086000,5.33,5.32,5.33,1624100.0
2018-01-08 11:29:02.581000,5.33,5.32,5.33,1624100.0
2018-01-08 11:29:06.229000,5.33,5.32,5.33,1624100.0
2018-01-08 11:29:13.841000,5.33,5.32,5.33,1624100.0
2018-01-08 11:29:17.991000,5.33,5.32,5.33,1624100.0
2018-01-08 11:29:22.176000,5.33,5.32,5.33,1624100.0
2018-01-08 11:29:25.872000,5.33,5.32,5.33,1624100.0
2018-01-08 11:29:29.673000,5.33,5.32,5.33,1624100.0
2018-01-08 11:29:33.065000,5.33,5.32,5.33,1624100.0
2018-01-08 11:29:36.923000,5.33,5.32,5.33,1624100.0
2018-01-08 11:29:40.801000,5.33,5.32,5.33,1624100.0
2018-01-08 11:29:43.931000,5.33,5.32,5.33,1624100.0
2018-01-08 11:29:47.797000,5.33,5.32,5.33,1624100.0
2018-01-08 11:29:51.624000,5.33,5.32,5.33,1624100.0
2018-01-08 11:29:55.900000,5.33,5.32,5.33,1624100.0
2018-01-08 11:30:00.071000,5.33,5.32,5.33,1624100.0
2018-01-08 11:30:05.529000,5.33,5.32,5.33,1624100.0
2018-01-08 11:30:09.370000,5.33,5.32,5.33,1624100.0
2018-01-08 11:30:14.697000,5.33,5.32,5.33,1624100.0
2018-01-08 11:30:18.525000,5.33,5.32,5.33,1624100.0
2018-01-08 11:30:22.333000,5.33,5.32,5.33,1624100.0
2018-01-08 11:30:26.112000,5.33,5.32,5.33,1624100.0
2018-01-08 11:30:29.480000,5.33,5.32,5.33,1624100.0
2018-01-08 11:30:32.864000,5.33,5.32,5.33,1624100.0
2018-01-08 11:30:36.938000,5.33,5.32,5.33,1624100.0
2018-01-08 11:30:40.807000,5.33,5.32,5.33,1624100.0
2018-01-08 11:30:44.823000,5.33,5.32,5.33,1624100.0
2018-01-08 11:30:48.635000,5.33,5.32,5.33,1624100.0
2018-01-08 11:30:52.555000,5.33,5.32,5.33,1624100.0
2018-01-08 11:30:55.980000,5.33,5.32,5.33,1624100.0
2018-01-08 11:30:59.849000,5.33,5.32,5.33,1624100.0
2018-01-08 11:31:03.056000,5.33,5.32,5.33,1624100.0
2018-01-08 11:31:06.926000,5.33,5.32,5.33,1624100.0
2018-01-08 11:31:10.558000,5.33,5.32,5.33,1624100.0
2018-01-08 11:31:13.585000,5.33,5.32,5.33,1624100.0
2018-01-08 11:31:19.271000,5.33,5.32,5.33,1624100.0
2018-01-08 11:31:23.163000,5.33,5.32,5.33,1624100.0
2018-01-08 11:31:26.485000,5.33,5.32,5.33,1624100.0
2018-01-08 11:31:30.491000,5.33,5.32,5.33,1624100.0
2018-01-08 11:31:33.986000,5.33,5.32,5.33,1624100.0
2018-01-08 11:31:37.648000,5.33,5.32,5.33,1624100.0
2018-01-08 11:31:41.270000,5.33,5.32,5.33,1624100.0
2018-01-08 11:31:44.878000,5.33,5.32,5.33,1624100.0
2018-01-08 11:31:48.930000,5.33,5.32,5.33,1624100.0
2018-01-08 11:31:52.476000,5.33,5.32,5.33,1624100.0
2018-01-08 11:31:56.080000,5.33,5.32,5.33,1624100.0
2018-01-08 11:31:59.904000,5.33,5.32,5.33,1624100.0
2018-01-08 11:32:03.211000,5.33,5.32,5.33,1624100.0
2018-01-08 11:32:06.355000,5.33,5.32,5.33,1624100.0
2018-01-08 11:32:12.596000,5.33,5.32,5.33,1624100.0
2018-01-08 11:32:16.568000,5.33,5.32,5.33,1624100.0
2018-01-08 11:32:19.964000,5.33,5.32,5.33,1624100.0
2018-01-08 11:32:23.682000,5.33,5.32,5.33,1624100.0
2018-01-08 11:32:26.873000,5.33,5.32,5.33,1624100.0
2018-01-08 11:32:30.473000,5.33,5.32,5.33,1624100.0
2018-01-08 11:32:34.040000,5.33,5.32,5.33,1624100.0
2018-01-08 11:32:37.696000,5.33,5.32,5.33,1624100.0
2018-01-08 11:32:41.934000,5.33,5.32,5.33,1624100.0
2018-01-08 11:32:45.074000,5.33,5.32,5.33,1624100.0
2018-01-08 11:32:48.055000,5.33,5.32,5.33,1624100.0
2018-01-08 11:32:52.053000,5.33,5.32,5.33,1624100.0
2018-01-08 11:32:55.935000,5.33,5.32,5.33,1624100.0
2018-01-08 11:33:00.385000,5.33,5.32,5.33,1624100.0
2018-01-08 11:33:04.043000,5.33,5.32,5.33,1624100.0
2018-01-08 11:33:07.599000,5.33,5.32,5.33,1624100.0
2018-01-08 11:33:10.825000,5.33,5.32,5.33,1624100.0
2018-01-08 11:33:14.669000,5.33,5.32,5.33,1624100.0
2018-01-08 11:33:18.848000,5.33,5.32,5.33,1624100.0
2018-01-08 11:33:22.332000,5.33,5.32,5.33,1624100.0
2018-01-08 11:33:26.427000,5.33,5.32,5.33,1624100.0
2018-01-08 11:33:30.702000,5.33,5.32,5.33,1624100.0
2018-01-08 11:33:33.900000,5.33,5.32,5.33,1624100.0
2018-01-08 11:33:37.266000,5.33,5.32,5.33,1624100.0
2018-01-08 11:33:40.438000,5.33,5.32,5.33,1624100.0
2018-01-08 11:33:44.325000,5.33,5.32,5.33,1624100.0
2018-01-08 11:33:48.545000,5.33,5.32,5.33,1624100.0
2018-01-08 11:33:52.499000,5.33,5.32,5.33,1624100.0
2018-01-08 11:33:56.289000,5.33,5.32,5.33,1624100.0
2018-01-08 11:33:59.982000,5.33,5.32,5.33,1624100.0
2018-01-08 11:34:03.684000,5.33,5.32,5.33,1624100.0
2018-01-08 11:34:07.482000,5.33,5.32,5.33,1624100.0
2018-01-08 11:34:16.325000,5.33,5.32,5.33,1624100.0
2018-01-08 11:34:20.094000,5.33,5.32,5.33,1624100.0
2018-01-08 11:34:23.887000,5.33,5.32,5.33,1624100.0
2018-01-08 11:34:27.778000,5.33,5.32,5.33,1624100.0
2018-01-08 11:34:31.641000,5.33,5.32,5.33,1624100.0
2018-01-08 11:34:35.557000,5.33,5.32,5.33,1624100.0
2018-01-08 11:34:39.484000,5.33,5.32,5.33,1624100.0
2018-01-08 11:34:43.262000,5.33,5.32,5.33,1624100.0
2018-01-08 11:34:46.796000,5.33,5.32,5.33,1624100.0
2018-01-08 11:34:49.842000,5.33,5.32,5.33,1624100.0
2018-01-08 11:34:53.628000,5.33,5.32,5.33,1624100.0
2018-01-08 11:34:57.164000,5.33,5.32,5.33,1624100.0
2018-01-08 11:35:01.083000,5.33,5.32,5.33,1624100.0
2018-01-08 11:35:05.249000,5.33,5.32,5.33,1624100.0
2018-01-08 11:35:12.479000,5.33,5.32,5.33,1624100.0
2018-01-08 11:35:16.016000,5.33,5.32,5.33,1624100.0
2018-01-08 11:35:20.253000,5.33,5.32,5.33,1624100.0
2018-01-08 11:35:23.466000,5.33,5.32,5.33,1624100.0
2018-01-08 11:35:27.159000,5.33,5.32,5.33,1624100.0
2018-01-08 11:35:31.086000,5.33,5.32,5.33,1624100.0
2018-01-08 11:35:34.273000,5.33,5.32,5.33,1624100.0
2018-01-08 11:35:38.247000,5.33,5.32,5.33,1624100.0
2018-01-08 11:35:42.300000,5.33,5.32,5.33,1624100.0
2018-01-08 11:35:45.963000,5.33,5.32,5.33,1624100.0
2018-01-08 11:35:49.863000,5.33,5.32,5.33,1624100.0
2018-01-08 11:35:53.483000,5.33,5.32,5.33,1624100.0
2018-01-08 11:35:56.876000,5.33,5.32,5.33,1624100.0
2018-01-08 11:36:01.113000,5.33,5.32,5.33,1624100.0
2018-01-08 11:36:04,5.33,5.32,5.33,1624100.0
2018-01-08 11:36:06.782000,5.33,5.32,5.33,1624100.0
2018-01-08 11:36:13.233000,5.33,5.32,5.33,1624100.0
2018-01-08 11:36:19.700000,5.33,5.32,5.33,1624100.0
2018-01-08 11:36:23.282000,5.33,5.32,5.33,1624100.0
2018-01-08 11:36:27.213000,5.33,5.32,5.33,1624100.0
2018-01-08 11:36:30.864000,5.33,5.32,5.33,1624100.0
2018-01-08 11:36:34.743000,5.33,5.32,5.33,1624100.0
2018-01-08 11:36:38.682000,5.33,5.32,5.33,1624100.0
2018-01-08 11:36:42.336000,5.33,5.32,5.33,1624100.0
2018-01-08 11:36:45.366000,5.33,5.32,5.33,1624100.0
2018-01-08 11:36:49.162000,5.33,5.32,5.33,1624100.0
2018-01-08 11:36:52.599000,5.33,5.32,5.33,1624100.0
2018-01-08 11:36:56.601000,5.33,5.32,5.33,1624100.0
2018-01-08 11:37:00.282000,5.33,5.32,5.33,1624100.0
2018-01-08 11:37:04.360000,5.33,5.32,5.33,1624100.0
2018-01-08 11:37:07.159000,5.33,5.32,5.33,1624100.0
2018-01-08 11:37:10.596000,5.33,5.32,5.33,1624100.0
2018-01-08 11:37:14.371000,5.33,5.32,5.33,1624100.0
2018-01-08 11:37:18.098000,5.33,5.32,5.33,1624100.0
2018-01-08 11:37:22.503000,5.33,5.32,5.33,1624100.0
2018-01-08 11:37:25.654000,5.33,5.32,5.33,1624100.0
2018-01-08 11:37:29.141000,5.33,5.32,5.33,1624100.0
2018-01-08 11:37:32.778000,5.33,5.32,5.33,1624100.0
2018-01-08 11:37:36.246000,5.33,5.32,5.33,1624100.0
2018-01-08 11:37:39.723000,5.33,5.32,5.33,1624100.0
2018-01-08 11:37:43.543000,5.33,5.32,5.33,1624100.0
2018-01-08 11:37:47.128000,5.33,5.32,5.33,1624100.0
2018-01-08 11:37:50.526000,5.33,5.32,5.33,1624100.0
2018-01-08 11:37:54.337000,5.33,5.32,5.33,1624100.0
2018-01-08 11:37:57.876000,5.33,5.32,5.33,1624100.0
2018-01-08 11:38:01.427000,5.33,5.32,5.33,1624100.0
2018-01-08 11:38:08.612000,5.33,5.32,5.33,1624100.0
2018-01-08 11:38:12.165000,5.33,5.32,5.33,1624100.0
2018-01-08 11:38:16.092000,5.33,5.32,5.33,1624100.0
2018-01-08 11:38:19.934000,5.33,5.32,5.33,1624100.0
2018-01-08 11:38:23.722000,5.33,5.32,5.33,1624100.0
2018-01-08 11:38:27.595000,5.33,5.32,5.33,1624100.0
2018-01-08 11:38:31.520000,5.33,5.32,5.33,1624100.0
2018-01-08 11:38:35.520000,5.33,5.32,5.33,1624100.0
2018-01-08 11:38:38.911000,5.33,5.32,5.33,1624100.0
2018-01-08 11:38:42.778000,5.33,5.32,5.33,1624100.0
2018-01-08 11:38:46.071000,5.33,5.32,5.33,1624100.0
2018-01-08 11:38:49.522000,5.33,5.32,5.33,1624100.0
2018-01-08 11:38:52.781000,5.33,5.32,5.33,1624100.0
2018-01-08 11:38:56.782000,5.33,5.32,5.33,1624100.0
2018-01-08 11:39:00.105000,5.33,5.32,5.33,1624100.0
2018-01-08 11:39:04.114000,5.33,5.32,5.33,1624100.0
2018-01-08 11:39:08.063000,5.33,5.32,5.33,1624100.0
2018-01-08 11:39:14.637000,5.33,5.32,5.33,1624100.0
2018-01-08 11:39:18.818000,5.33,5.32,5.33,1624100.0
2018-01-08 11:39:22.545000,5.33,5.32,5.33,1624100.0
2018-01-08 11:39:26.209000,5.33,5.32,5.33,1624100.0
2018-01-08 11:39:29.655000,5.33,5.32,5.33,1624100.0
2018-01-08 11:39:33.492000,5.33,5.32,5.33,1624100.0
2018-01-08 11:39:36.971000,5.33,5.32,5.33,1624100.0
2018-01-08 11:39:40.681000,5.33,5.32,5.33,1624100.0
2018-01-08 11:39:44.736000,5.33,5.32,5.33,1624100.0
2018-01-08 11:39:48.159000,5.33,5.32,5.33,1624100.0
2018-01-08 11:39:51.440000,5.33,5.32,5.33,1624100.0
2018-01-08 11:39:55.577000,5.33,5.32,5.33,1624100.0
2018-01-08 11:39:59.953000,5.33,5.32,5.33,1624100.0
2018-01-08 11:40:03.034000,5.33,5.32,5.33,1624100.0
2018-01-08 11:40:06.505000,5.33,5.32,5.33,1624100.0
2018-01-08 11:40:10.005000,5.33,5.32,5.33,1624100.0
2018-01-08 11:40:13.269000,5.33,5.32,5.33,1624100.0
2018-01-08 11:40:17.137000,5.33,5.32,5.33,1624100.0
2018-01-08 11:40:21.728000,5.33,5.32,5.33,1624100.0
2018-01-08 11:40:25.279000,5.33,5.32,5.33,1624100.0
2018-01-08 11:40:29.272000,5.33,5.32,5.33,1624100.0
2018-01-08 11:40:32.584000,5.33,5.32,5.33,1624100.0
2018-01-08 11:40:36.307000,5.33,5.32,5.33,1624100.0
2018-01-08 11:40:40.031000,5.33,5.32,5.33,1624100.0
2018-01-08 11:40:43.647000,5.33,5.32,5.33,1624100.0
2018-01-08 11:40:47.563000,5.33,5.32,5.33,1624100.0
2018-01-08 11:40:51.560000,5.33,5.32,5.33,1624100.0
2018-01-08 11:40:55.372000,5.33,5.32,5.33,1624100.0
2018-01-08 11:40:59.474000,5.33,5.32,5.33,1624100.0
2018-01-08 11:41:05.182000,5.33,5.32,5.33,1624100.0
2018-01-08 11:41:08.853000,5.33,5.32,5.33,1624100.0
2018-01-08 11:41:12.376000,5.33,5.32,5.33,1624100.0
2018-01-08 11:41:16.348000,5.33,5.32,5.33,1624100.0
2018-01-08 11:41:20.291000,5.33,5.32,5.33,1624100.0
2018-01-08 11:41:23.954000,5.33,5.32,5.33,1624100.0
2018-01-08 11:41:27.604000,5.33,5.32,5.33,1624100.0
2018-01-08 11:41:30.536000,5.33,5.32,5.33,1624100.0
2018-01-08 11:41:34.736000,5.33,5.32,5.33,1624100.0
2018-01-08 11:41:38.619000,5.33,5.32,5.33,1624100.0
2018-01-08 11:41:42.273000,5.33,5.32,5.33,1624100.0
2018-01-08 11:41:46.155000,5.33,5.32,5.33,1624100.0
2018-01-08 11:41:49.970000,5.33,5.32,5.33,1624100.0
2018-01-08 11:41:53.454000,5.33,5.32,5.33,1624100.0
2018-01-08 11:41:57.137000,5.33,5.32,5.33,1624100.0
2018-01-08 11:42:00.934000,5.33,5.32,5.33,1624100.0
2018-01-08 11:42:04.698000,5.33,5.32,5.33,1624100.0
2018-01-08 11:42:12.609000,5.33,5.32,5.33,1624100.0
2018-01-08 11:42:16.161000,5.33,5.32,5.33,1624100.0
2018-01-08 11:42:20.062000,5.33,5.32,5.33,1624100.0
2018-01-08 11:42:24.024000,5.33,5.32,5.33,1624100.0
2018-01-08 11:42:28.007000,5.33,5.32,5.33,1624100.0
2018-01-08 11:42:31.393000,5.33,5.32,5.33,1624100.0
2018-01-08 11:42:34.555000,5.33,5.32,5.33,1624100.0
2018-01-08 11:42:38.303000,5.33,5.32,5.33,1624100.0
2018-01-08 11:42:42.355000,5.33,5.32,5.33,1624100.0
2018-01-08 11:42:45.894000,5.33,5.32,5.33,1624100.0
2018-01-08 11:42:49.744000,5.33,5.32,5.33,1624100.0
2018-01-08 11:42:53.747000,5.33,5.32,5.33,1624100.0
2018-01-08 11:42:57.481000,5.33,5.32,5.33,1624100.0
2018-01-08 11:43:01.361000,5.33,5.32,5.33,1624100.0
2018-01-08 11:43:04.905000,5.33,5.32,5.33,1624100.0
2018-01-08 11:43:12.888000,5.33,5.32,5.33,1624100.0
2018-01-08 11:43:18.201000,5.33,5.32,5.33,1624100.0
2018-01-08 11:43:22.211000,5.33,5.32,5.33,1624100.0
2018-01-08 11:43:26.065000,5.33,5.32,5.33,1624100.0
2018-01-08 11:43:29.605000,5.33,5.32,5.33,1624100.0
2018-01-08 11:43:33.702000,5.33,5.32,5.33,1624100.0
2018-01-08 11:43:37.526000,5.33,5.32,5.33,1624100.0
2018-01-08 11:43:41.399000,5.33,5.32,5.33,1624100.0
2018-01-08 11:43:44.808000,5.33,5.32,5.33,1624100.0
2018-01-08 11:43:47.777000,5.33,5.32,5.33,1624100.0
2018-01-08 11:43:51.316000,5.33,5.32,5.33,1624100.0
2018-01-08 11:43:54.857000,5.33,5.32,5.33,1624100.0
2018-01-08 11:43:58.730000,5.33,5.32,5.33,1624100.0
2018-01-08 11:44:02.584000,5.33,5.32,5.33,1624100.0
2018-01-08 11:44:06.837000,5.33,5.32,5.33,1624100.0
2018-01-08 11:44:11.116000,5.33,5.32,5.33,1624100.0
2018-01-08 11:44:15.182000,5.33,5.32,5.33,1624100.0
